ISO-10303-21;
HEADER;
/* Generated by software containing ST-Developer
 * from STEP Tools, Inc. (www.steptools.com) 
 */

FILE_DESCRIPTION(
/* description */ (''),
/* implementation_level */ '2;1');

FILE_NAME(
/* name */ 'Filament Guillotine-Pusher.step',
/* time_stamp */ '2026-09-10T19:11:53-04:00',
/* author */ (''),
/* organization */ (''),
/* preprocessor_version */ 'ST-DEVELOPER v20.2',
/* originating_system */ 'Autodesk Translation Framework v15.15.0.0',
/* authorisation */ '');

FILE_SCHEMA (('AUTOMOTIVE_DESIGN { 1 0 10303 214 3 1 1 }'));
ENDSEC;

DATA;
#10=MECHANICAL_DESIGN_GEOMETRIC_PRESENTATION_REPRESENTATION('',(#13),#1853);
#11=SHAPE_REPRESENTATION_RELATIONSHIP('SRR','None',#1859,#12);
#12=ADVANCED_BREP_SHAPE_REPRESENTATION('',(#14),#1852);
#13=STYLED_ITEM('',(#1870),#14);
#14=MANIFOLD_SOLID_BREP('Pusher',#1060);
#15=CONICAL_SURFACE('',#1115,2.25,0.785398163397441);
#16=CONICAL_SURFACE('',#1120,2.25,0.785398163397441);
#17=CONICAL_SURFACE('',#1151,3.125,0.785398163397449);
#18=TOROIDAL_SURFACE('',#1095,3.25,3.);
#19=TOROIDAL_SURFACE('',#1101,3.25,3.);
#20=B_SPLINE_SURFACE_WITH_KNOTS('',3,3,((#1598,#1599,#1600,#1601),(#1602,
#1603,#1604,#1605),(#1606,#1607,#1608,#1609),(#1610,#1611,#1612,#1613)),
 .UNSPECIFIED.,.F.,.F.,.F.,(4,4),(4,4),(0.,1.),(0.,0.0720131237658816),
 .UNSPECIFIED.);
#21=B_SPLINE_SURFACE_WITH_KNOTS('',3,3,((#1643,#1644,#1645,#1646),(#1647,
#1648,#1649,#1650),(#1651,#1652,#1653,#1654),(#1655,#1656,#1657,#1658)),
 .UNSPECIFIED.,.F.,.F.,.F.,(4,4),(4,4),(0.,1.),(0.,0.072013106961685),
 .UNSPECIFIED.);
#22=B_SPLINE_SURFACE_WITH_KNOTS('',3,3,((#1723,#1724,#1725,#1726),(#1727,
#1728,#1729,#1730),(#1731,#1732,#1733,#1734),(#1735,#1736,#1737,#1738)),
 .UNSPECIFIED.,.F.,.F.,.F.,(4,4),(4,4),(0.,0.780330085889911),(-0.523598775598305,
-0.30201986371974),.UNSPECIFIED.);
#23=B_SPLINE_SURFACE_WITH_KNOTS('',3,3,((#1741,#1742,#1743,#1744),(#1745,
#1746,#1747,#1748),(#1749,#1750,#1751,#1752),(#1753,#1754,#1755,#1756)),
 .UNSPECIFIED.,.F.,.F.,.F.,(4,4),(4,4),(0.,0.780330085889921),(0.302019915425041,
0.523598775619036),.UNSPECIFIED.);
#24=CYLINDRICAL_SURFACE('',#1090,1.5);
#25=CYLINDRICAL_SURFACE('',#1092,3.);
#26=CYLINDRICAL_SURFACE('',#1099,3.);
#27=CYLINDRICAL_SURFACE('',#1106,3.);
#28=CYLINDRICAL_SURFACE('',#1109,0.25);
#29=CYLINDRICAL_SURFACE('',#1112,0.25);
#30=CYLINDRICAL_SURFACE('',#1128,3.);
#31=CYLINDRICAL_SURFACE('',#1130,3.);
#32=CYLINDRICAL_SURFACE('',#1132,3.);
#33=CYLINDRICAL_SURFACE('',#1141,3.);
#34=CYLINDRICAL_SURFACE('',#1142,1.5);
#35=CYLINDRICAL_SURFACE('',#1143,1.5);
#36=CYLINDRICAL_SURFACE('',#1144,0.249999999999999);
#37=CYLINDRICAL_SURFACE('',#1156,3.);
#38=CYLINDRICAL_SURFACE('',#1158,5.);
#39=CYLINDRICAL_SURFACE('',#1162,0.25);
#40=CIRCLE('',#1070,1.5);
#41=CIRCLE('',#1071,1.5);
#42=CIRCLE('',#1072,1.5);
#43=CIRCLE('',#1078,3.);
#44=CIRCLE('',#1079,3.);
#45=CIRCLE('',#1080,3.);
#46=CIRCLE('',#1081,3.);
#47=CIRCLE('',#1082,1.5);
#48=CIRCLE('',#1083,1.5);
#49=CIRCLE('',#1085,1.5);
#50=CIRCLE('',#1087,1.5);
#51=CIRCLE('',#1091,1.5);
#52=CIRCLE('',#1093,3.);
#53=CIRCLE('',#1094,3.);
#54=CIRCLE('',#1096,3.);
#55=CIRCLE('',#1097,1.12867965644034);
#56=CIRCLE('',#1098,0.25);
#57=CIRCLE('',#1100,3.);
#58=CIRCLE('',#1102,3.);
#59=CIRCLE('',#1103,1.12867965644034);
#60=CIRCLE('',#1104,0.25);
#61=CIRCLE('',#1105,3.);
#62=CIRCLE('',#1110,0.25);
#63=CIRCLE('',#1113,0.25);
#64=CIRCLE('',#1116,4.25);
#65=CIRCLE('',#1121,4.25);
#66=CIRCLE('',#1125,3.);
#67=CIRCLE('',#1126,3.);
#68=CIRCLE('',#1127,1.5);
#69=CIRCLE('',#1133,3.);
#70=CIRCLE('',#1135,3.);
#71=CIRCLE('',#1136,0.249999999999999);
#72=CIRCLE('',#1137,5.);
#73=CIRCLE('',#1138,0.25);
#74=CIRCLE('',#1139,1.5);
#75=CIRCLE('',#1145,0.249999999999999);
#76=CIRCLE('',#1147,5.);
#77=CIRCLE('',#1149,0.25);
#78=CIRCLE('',#1150,5.);
#79=CIRCLE('',#1152,3.);
#80=CIRCLE('',#1153,3.25);
#81=CIRCLE('',#1155,5.);
#82=CIRCLE('',#1157,3.);
#83=FACE_BOUND('',#164,.T.);
#84=FACE_BOUND('',#167,.T.);
#85=FACE_BOUND('',#173,.T.);
#86=FACE_BOUND('',#174,.T.);
#87=FACE_BOUND('',#175,.T.);
#88=FACE_BOUND('',#207,.T.);
#89=FACE_BOUND('',#217,.T.);
#90=FACE_BOUND('',#223,.T.);
#91=B_SPLINE_CURVE_WITH_KNOTS('',3,(#1517,#1518,#1519,#1520),
 .UNSPECIFIED.,.F.,.F.,(4,4),(0.,0.136107938055018),.UNSPECIFIED.);
#92=B_SPLINE_CURVE_WITH_KNOTS('',3,(#1617,#1618,#1619,#1620),
 .UNSPECIFIED.,.F.,.F.,(4,4),(-0.0720131237658816,0.),.UNSPECIFIED.);
#93=B_SPLINE_CURVE_WITH_KNOTS('',3,(#1621,#1622,#1623,#1624),
 .UNSPECIFIED.,.F.,.F.,(4,4),(0.,0.0720131237658816),.UNSPECIFIED.);
#94=B_SPLINE_CURVE_WITH_KNOTS('',3,(#1662,#1663,#1664,#1665),
 .UNSPECIFIED.,.F.,.F.,(4,4),(-0.072013106961685,0.),.UNSPECIFIED.);
#95=B_SPLINE_CURVE_WITH_KNOTS('',3,(#1666,#1667,#1668,#1669),
 .UNSPECIFIED.,.F.,.F.,(4,4),(0.,0.072013106961685),.UNSPECIFIED.);
#96=B_SPLINE_CURVE_WITH_KNOTS('',3,(#1759,#1760,#1761,#1762,#1763,#1764),
 .UNSPECIFIED.,.F.,.F.,(4,2,4),(0.595944795465915,0.629370779148839,0.748561978438722),
 .UNSPECIFIED.);
#97=ELLIPSE('',#1067,6.00000000000001,3.);
#98=ELLIPSE('',#1107,6.,3.);
#99=ELLIPSE('',#1118,2.12132034355964,1.5);
#100=ELLIPSE('',#1119,2.12132034355964,1.5);
#101=FACE_OUTER_BOUND('',#159,.T.);
#102=FACE_OUTER_BOUND('',#160,.T.);
#103=FACE_OUTER_BOUND('',#161,.T.);
#104=FACE_OUTER_BOUND('',#162,.T.);
#105=FACE_OUTER_BOUND('',#163,.T.);
#106=FACE_OUTER_BOUND('',#165,.T.);
#107=FACE_OUTER_BOUND('',#166,.T.);
#108=FACE_OUTER_BOUND('',#168,.T.);
#109=FACE_OUTER_BOUND('',#169,.T.);
#110=FACE_OUTER_BOUND('',#170,.T.);
#111=FACE_OUTER_BOUND('',#171,.T.);
#112=FACE_OUTER_BOUND('',#172,.T.);
#113=FACE_OUTER_BOUND('',#176,.T.);
#114=FACE_OUTER_BOUND('',#177,.T.);
#115=FACE_OUTER_BOUND('',#178,.T.);
#116=FACE_OUTER_BOUND('',#179,.T.);
#117=FACE_OUTER_BOUND('',#180,.T.);
#118=FACE_OUTER_BOUND('',#181,.T.);
#119=FACE_OUTER_BOUND('',#182,.T.);
#120=FACE_OUTER_BOUND('',#183,.T.);
#121=FACE_OUTER_BOUND('',#184,.T.);
#122=FACE_OUTER_BOUND('',#185,.T.);
#123=FACE_OUTER_BOUND('',#186,.T.);
#124=FACE_OUTER_BOUND('',#187,.T.);
#125=FACE_OUTER_BOUND('',#188,.T.);
#126=FACE_OUTER_BOUND('',#189,.T.);
#127=FACE_OUTER_BOUND('',#190,.T.);
#128=FACE_OUTER_BOUND('',#191,.T.);
#129=FACE_OUTER_BOUND('',#192,.T.);
#130=FACE_OUTER_BOUND('',#193,.T.);
#131=FACE_OUTER_BOUND('',#194,.T.);
#132=FACE_OUTER_BOUND('',#195,.T.);
#133=FACE_OUTER_BOUND('',#196,.T.);
#134=FACE_OUTER_BOUND('',#197,.T.);
#135=FACE_OUTER_BOUND('',#198,.T.);
#136=FACE_OUTER_BOUND('',#199,.T.);
#137=FACE_OUTER_BOUND('',#200,.T.);
#138=FACE_OUTER_BOUND('',#201,.T.);
#139=FACE_OUTER_BOUND('',#202,.T.);
#140=FACE_OUTER_BOUND('',#203,.T.);
#141=FACE_OUTER_BOUND('',#204,.T.);
#142=FACE_OUTER_BOUND('',#205,.T.);
#143=FACE_OUTER_BOUND('',#206,.T.);
#144=FACE_OUTER_BOUND('',#208,.T.);
#145=FACE_OUTER_BOUND('',#209,.T.);
#146=FACE_OUTER_BOUND('',#210,.T.);
#147=FACE_OUTER_BOUND('',#211,.T.);
#148=FACE_OUTER_BOUND('',#212,.T.);
#149=FACE_OUTER_BOUND('',#213,.T.);
#150=FACE_OUTER_BOUND('',#214,.T.);
#151=FACE_OUTER_BOUND('',#215,.T.);
#152=FACE_OUTER_BOUND('',#216,.T.);
#153=FACE_OUTER_BOUND('',#218,.T.);
#154=FACE_OUTER_BOUND('',#219,.T.);
#155=FACE_OUTER_BOUND('',#220,.T.);
#156=FACE_OUTER_BOUND('',#221,.T.);
#157=FACE_OUTER_BOUND('',#222,.T.);
#158=FACE_OUTER_BOUND('',#224,.T.);
#159=EDGE_LOOP('',(#667,#668,#669,#670,#671));
#160=EDGE_LOOP('',(#672,#673,#674,#675,#676));
#161=EDGE_LOOP('',(#677,#678,#679,#680));
#162=EDGE_LOOP('',(#681,#682,#683,#684));
#163=EDGE_LOOP('',(#685,#686,#687,#688,#689,#690,#691,#692,#693,#694,#695));
#164=EDGE_LOOP('',(#696,#697,#698,#699));
#165=EDGE_LOOP('',(#700,#701,#702,#703,#704));
#166=EDGE_LOOP('',(#705,#706,#707,#708));
#167=EDGE_LOOP('',(#709,#710,#711,#712,#713));
#168=EDGE_LOOP('',(#714,#715,#716,#717,#718));
#169=EDGE_LOOP('',(#719,#720,#721,#722));
#170=EDGE_LOOP('',(#723,#724,#725,#726));
#171=EDGE_LOOP('',(#727,#728,#729,#730));
#172=EDGE_LOOP('',(#731,#732,#733,#734,#735,#736,#737,#738));
#173=EDGE_LOOP('',(#739));
#174=EDGE_LOOP('',(#740));
#175=EDGE_LOOP('',(#741,#742,#743,#744));
#176=EDGE_LOOP('',(#745,#746));
#177=EDGE_LOOP('',(#747,#748));
#178=EDGE_LOOP('',(#749,#750,#751,#752));
#179=EDGE_LOOP('',(#753,#754,#755,#756));
#180=EDGE_LOOP('',(#757,#758,#759,#760,#761,#762,#763,#764,#765,#766,#767,
#768));
#181=EDGE_LOOP('',(#769,#770,#771,#772));
#182=EDGE_LOOP('',(#773,#774,#775,#776));
#183=EDGE_LOOP('',(#777,#778,#779,#780));
#184=EDGE_LOOP('',(#781,#782,#783,#784));
#185=EDGE_LOOP('',(#785,#786,#787,#788));
#186=EDGE_LOOP('',(#789,#790,#791,#792));
#187=EDGE_LOOP('',(#793,#794,#795,#796));
#188=EDGE_LOOP('',(#797,#798,#799,#800,#801,#802));
#189=EDGE_LOOP('',(#803,#804,#805,#806,#807));
#190=EDGE_LOOP('',(#808,#809,#810,#811));
#191=EDGE_LOOP('',(#812,#813,#814,#815,#816));
#192=EDGE_LOOP('',(#817,#818,#819,#820,#821,#822));
#193=EDGE_LOOP('',(#823,#824,#825,#826));
#194=EDGE_LOOP('',(#827,#828,#829,#830,#831,#832,#833));
#195=EDGE_LOOP('',(#834,#835,#836,#837));
#196=EDGE_LOOP('',(#838,#839,#840,#841));
#197=EDGE_LOOP('',(#842,#843,#844));
#198=EDGE_LOOP('',(#845,#846,#847,#848));
#199=EDGE_LOOP('',(#849,#850,#851));
#200=EDGE_LOOP('',(#852,#853,#854,#855,#856,#857,#858,#859,#860,#861));
#201=EDGE_LOOP('',(#862,#863,#864,#865));
#202=EDGE_LOOP('',(#866,#867,#868,#869));
#203=EDGE_LOOP('',(#870,#871,#872,#873));
#204=EDGE_LOOP('',(#874,#875,#876,#877,#878,#879,#880,#881,#882,#883,#884));
#205=EDGE_LOOP('',(#885,#886,#887,#888));
#206=EDGE_LOOP('',(#889,#890,#891,#892,#893,#894,#895,#896));
#207=EDGE_LOOP('',(#897));
#208=EDGE_LOOP('',(#898,#899,#900,#901));
#209=EDGE_LOOP('',(#902,#903,#904,#905));
#210=EDGE_LOOP('',(#906,#907,#908,#909,#910,#911));
#211=EDGE_LOOP('',(#912,#913,#914,#915));
#212=EDGE_LOOP('',(#916,#917,#918,#919));
#213=EDGE_LOOP('',(#920,#921,#922,#923,#924));
#214=EDGE_LOOP('',(#925,#926,#927,#928,#929));
#215=EDGE_LOOP('',(#930,#931,#932,#933));
#216=EDGE_LOOP('',(#934,#935,#936,#937,#938,#939,#940,#941));
#217=EDGE_LOOP('',(#942));
#218=EDGE_LOOP('',(#943,#944,#945,#946));
#219=EDGE_LOOP('',(#947,#948,#949,#950,#951,#952,#953,#954));
#220=EDGE_LOOP('',(#955,#956,#957,#958));
#221=EDGE_LOOP('',(#959,#960,#961,#962));
#222=EDGE_LOOP('',(#963));
#223=EDGE_LOOP('',(#964));
#224=EDGE_LOOP('',(#965,#966,#967,#968));
#225=LINE('',#1469,#323);
#226=LINE('',#1471,#324);
#227=LINE('',#1473,#325);
#228=LINE('',#1475,#326);
#229=LINE('',#1476,#327);
#230=LINE('',#1479,#328);
#231=LINE('',#1480,#329);
#232=LINE('',#1482,#330);
#233=LINE('',#1484,#331);
#234=LINE('',#1485,#332);
#235=LINE('',#1488,#333);
#236=LINE('',#1490,#334);
#237=LINE('',#1491,#335);
#238=LINE('',#1494,#336);
#239=LINE('',#1495,#337);
#240=LINE('',#1499,#338);
#241=LINE('',#1501,#339);
#242=LINE('',#1503,#340);
#243=LINE('',#1505,#341);
#244=LINE('',#1507,#342);
#245=LINE('',#1509,#343);
#246=LINE('',#1511,#344);
#247=LINE('',#1515,#345);
#248=LINE('',#1521,#346);
#249=LINE('',#1523,#347);
#250=LINE('',#1525,#348);
#251=LINE('',#1526,#349);
#252=LINE('',#1529,#350);
#253=LINE('',#1530,#351);
#254=LINE('',#1533,#352);
#255=LINE('',#1534,#353);
#256=LINE('',#1537,#354);
#257=LINE('',#1543,#355);
#258=LINE('',#1546,#356);
#259=LINE('',#1550,#357);
#260=LINE('',#1551,#358);
#261=LINE('',#1554,#359);
#262=LINE('',#1556,#360);
#263=LINE('',#1557,#361);
#264=LINE('',#1562,#362);
#265=LINE('',#1566,#363);
#266=LINE('',#1570,#364);
#267=LINE('',#1576,#365);
#268=LINE('',#1581,#366);
#269=LINE('',#1585,#367);
#270=LINE('',#1586,#368);
#271=LINE('',#1590,#369);
#272=LINE('',#1594,#370);
#273=LINE('',#1597,#371);
#274=LINE('',#1633,#372);
#275=LINE('',#1636,#373);
#276=LINE('',#1672,#374);
#277=LINE('',#1675,#375);
#278=LINE('',#1678,#376);
#279=LINE('',#1680,#377);
#280=LINE('',#1682,#378);
#281=LINE('',#1684,#379);
#282=LINE('',#1685,#380);
#283=LINE('',#1688,#381);
#284=LINE('',#1692,#382);
#285=LINE('',#1693,#383);
#286=LINE('',#1696,#384);
#287=LINE('',#1700,#385);
#288=LINE('',#1702,#386);
#289=LINE('',#1703,#387);
#290=LINE('',#1706,#388);
#291=LINE('',#1708,#389);
#292=LINE('',#1711,#390);
#293=LINE('',#1713,#391);
#294=LINE('',#1718,#392);
#295=LINE('',#1721,#393);
#296=LINE('',#1739,#394);
#297=LINE('',#1758,#395);
#298=LINE('',#1766,#396);
#299=LINE('',#1769,#397);
#300=LINE('',#1773,#398);
#301=LINE('',#1777,#399);
#302=LINE('',#1779,#400);
#303=LINE('',#1781,#401);
#304=LINE('',#1784,#402);
#305=LINE('',#1786,#403);
#306=LINE('',#1788,#404);
#307=LINE('',#1789,#405);
#308=LINE('',#1792,#406);
#309=LINE('',#1796,#407);
#310=LINE('',#1806,#408);
#311=LINE('',#1809,#409);
#312=LINE('',#1811,#410);
#313=LINE('',#1815,#411);
#314=LINE('',#1818,#412);
#315=LINE('',#1825,#413);
#316=LINE('',#1830,#414);
#317=LINE('',#1836,#415);
#318=LINE('',#1837,#416);
#319=LINE('',#1841,#417);
#320=LINE('',#1843,#418);
#321=LINE('',#1844,#419);
#322=LINE('',#1845,#420);
#323=VECTOR('',#1167,10.);
#324=VECTOR('',#1168,10.);
#325=VECTOR('',#1169,10.);
#326=VECTOR('',#1170,10.);
#327=VECTOR('',#1171,10.);
#328=VECTOR('',#1174,10.);
#329=VECTOR('',#1175,10.);
#330=VECTOR('',#1176,10.);
#331=VECTOR('',#1177,10.);
#332=VECTOR('',#1178,10.);
#333=VECTOR('',#1181,10.);
#334=VECTOR('',#1182,10.);
#335=VECTOR('',#1183,10.);
#336=VECTOR('',#1186,10.);
#337=VECTOR('',#1187,10.);
#338=VECTOR('',#1190,10.);
#339=VECTOR('',#1191,10.);
#340=VECTOR('',#1192,10.);
#341=VECTOR('',#1193,10.);
#342=VECTOR('',#1194,10.);
#343=VECTOR('',#1195,10.);
#344=VECTOR('',#1196,10.);
#345=VECTOR('',#1199,10.);
#346=VECTOR('',#1200,10.);
#347=VECTOR('',#1201,10.);
#348=VECTOR('',#1202,10.);
#349=VECTOR('',#1203,10.);
#350=VECTOR('',#1206,10.);
#351=VECTOR('',#1207,10.);
#352=VECTOR('',#1210,10.);
#353=VECTOR('',#1211,10.);
#354=VECTOR('',#1212,10.);
#355=VECTOR('',#1217,10.);
#356=VECTOR('',#1222,10.);
#357=VECTOR('',#1227,10.);
#358=VECTOR('',#1228,10.);
#359=VECTOR('',#1231,10.);
#360=VECTOR('',#1232,10.);
#361=VECTOR('',#1233,10.);
#362=VECTOR('',#1238,10.);
#363=VECTOR('',#1241,10.);
#364=VECTOR('',#1244,10.);
#365=VECTOR('',#1251,10.);
#366=VECTOR('',#1256,10.);
#367=VECTOR('',#1263,10.);
#368=VECTOR('',#1264,10.);
#369=VECTOR('',#1269,1.5);
#370=VECTOR('',#1274,10.);
#371=VECTOR('',#1277,10.);
#372=VECTOR('',#1290,10.);
#373=VECTOR('',#1293,10.);
#374=VECTOR('',#1306,10.);
#375=VECTOR('',#1309,10.);
#376=VECTOR('',#1312,10.);
#377=VECTOR('',#1313,10.);
#378=VECTOR('',#1314,10.);
#379=VECTOR('',#1315,10.);
#380=VECTOR('',#1316,10.);
#381=VECTOR('',#1319,10.);
#382=VECTOR('',#1324,10.);
#383=VECTOR('',#1325,10.);
#384=VECTOR('',#1328,10.);
#385=VECTOR('',#1333,10.);
#386=VECTOR('',#1334,10.);
#387=VECTOR('',#1335,10.);
#388=VECTOR('',#1338,10.);
#389=VECTOR('',#1341,10.);
#390=VECTOR('',#1344,10.);
#391=VECTOR('',#1345,10.);
#392=VECTOR('',#1350,10.);
#393=VECTOR('',#1353,10.);
#394=VECTOR('',#1356,10.);
#395=VECTOR('',#1359,10.);
#396=VECTOR('',#1362,10.);
#397=VECTOR('',#1365,10.);
#398=VECTOR('',#1368,10.);
#399=VECTOR('',#1375,10.);
#400=VECTOR('',#1378,10.);
#401=VECTOR('',#1381,10.);
#402=VECTOR('',#1384,10.);
#403=VECTOR('',#1385,10.);
#404=VECTOR('',#1386,10.);
#405=VECTOR('',#1387,10.);
#406=VECTOR('',#1390,10.);
#407=VECTOR('',#1395,10.);
#408=VECTOR('',#1408,10.);
#409=VECTOR('',#1413,1.5);
#410=VECTOR('',#1416,1.5);
#411=VECTOR('',#1421,0.249999999999999);
#412=VECTOR('',#1424,10.);
#413=VECTOR('',#1433,10.);
#414=VECTOR('',#1438,3.125);
#415=VECTOR('',#1445,10.);
#416=VECTOR('',#1446,10.);
#417=VECTOR('',#1451,3.);
#418=VECTOR('',#1454,10.);
#419=VECTOR('',#1455,10.);
#420=VECTOR('',#1456,0.25);
#421=VERTEX_POINT('',#1467);
#422=VERTEX_POINT('',#1468);
#423=VERTEX_POINT('',#1470);
#424=VERTEX_POINT('',#1472);
#425=VERTEX_POINT('',#1474);
#426=VERTEX_POINT('',#1478);
#427=VERTEX_POINT('',#1481);
#428=VERTEX_POINT('',#1483);
#429=VERTEX_POINT('',#1487);
#430=VERTEX_POINT('',#1489);
#431=VERTEX_POINT('',#1493);
#432=VERTEX_POINT('',#1497);
#433=VERTEX_POINT('',#1498);
#434=VERTEX_POINT('',#1500);
#435=VERTEX_POINT('',#1502);
#436=VERTEX_POINT('',#1504);
#437=VERTEX_POINT('',#1506);
#438=VERTEX_POINT('',#1508);
#439=VERTEX_POINT('',#1510);
#440=VERTEX_POINT('',#1512);
#441=VERTEX_POINT('',#1514);
#442=VERTEX_POINT('',#1516);
#443=VERTEX_POINT('',#1522);
#444=VERTEX_POINT('',#1524);
#445=VERTEX_POINT('',#1528);
#446=VERTEX_POINT('',#1532);
#447=VERTEX_POINT('',#1535);
#448=VERTEX_POINT('',#1536);
#449=VERTEX_POINT('',#1538);
#450=VERTEX_POINT('',#1540);
#451=VERTEX_POINT('',#1542);
#452=VERTEX_POINT('',#1549);
#453=VERTEX_POINT('',#1553);
#454=VERTEX_POINT('',#1555);
#455=VERTEX_POINT('',#1559);
#456=VERTEX_POINT('',#1561);
#457=VERTEX_POINT('',#1563);
#458=VERTEX_POINT('',#1565);
#459=VERTEX_POINT('',#1567);
#460=VERTEX_POINT('',#1569);
#461=VERTEX_POINT('',#1572);
#462=VERTEX_POINT('',#1574);
#463=VERTEX_POINT('',#1578);
#464=VERTEX_POINT('',#1579);
#465=VERTEX_POINT('',#1589);
#466=VERTEX_POINT('',#1593);
#467=VERTEX_POINT('',#1595);
#468=VERTEX_POINT('',#1614);
#469=VERTEX_POINT('',#1615);
#470=VERTEX_POINT('',#1626);
#471=VERTEX_POINT('',#1627);
#472=VERTEX_POINT('',#1632);
#473=VERTEX_POINT('',#1634);
#474=VERTEX_POINT('',#1638);
#475=VERTEX_POINT('',#1639);
#476=VERTEX_POINT('',#1659);
#477=VERTEX_POINT('',#1660);
#478=VERTEX_POINT('',#1671);
#479=VERTEX_POINT('',#1673);
#480=VERTEX_POINT('',#1677);
#481=VERTEX_POINT('',#1679);
#482=VERTEX_POINT('',#1681);
#483=VERTEX_POINT('',#1683);
#484=VERTEX_POINT('',#1687);
#485=VERTEX_POINT('',#1691);
#486=VERTEX_POINT('',#1695);
#487=VERTEX_POINT('',#1699);
#488=VERTEX_POINT('',#1701);
#489=VERTEX_POINT('',#1705);
#490=VERTEX_POINT('',#1710);
#491=VERTEX_POINT('',#1712);
#492=VERTEX_POINT('',#1714);
#493=VERTEX_POINT('',#1716);
#494=VERTEX_POINT('',#1720);
#495=VERTEX_POINT('',#1757);
#496=VERTEX_POINT('',#1768);
#497=VERTEX_POINT('',#1770);
#498=VERTEX_POINT('',#1772);
#499=VERTEX_POINT('',#1783);
#500=VERTEX_POINT('',#1785);
#501=VERTEX_POINT('',#1787);
#502=VERTEX_POINT('',#1791);
#503=VERTEX_POINT('',#1795);
#504=VERTEX_POINT('',#1798);
#505=VERTEX_POINT('',#1800);
#506=VERTEX_POINT('',#1803);
#507=VERTEX_POINT('',#1813);
#508=VERTEX_POINT('',#1817);
#509=VERTEX_POINT('',#1821);
#510=VERTEX_POINT('',#1823);
#511=VERTEX_POINT('',#1827);
#512=VERTEX_POINT('',#1829);
#513=VERTEX_POINT('',#1833);
#514=VERTEX_POINT('',#1834);
#515=VERTEX_POINT('',#1839);
#516=EDGE_CURVE('',#421,#422,#225,.T.);
#517=EDGE_CURVE('',#423,#421,#226,.T.);
#518=EDGE_CURVE('',#424,#423,#227,.T.);
#519=EDGE_CURVE('',#425,#424,#228,.T.);
#520=EDGE_CURVE('',#422,#425,#229,.T.);
#521=EDGE_CURVE('',#426,#421,#230,.T.);
#522=EDGE_CURVE('',#425,#426,#231,.T.);
#523=EDGE_CURVE('',#427,#425,#232,.T.);
#524=EDGE_CURVE('',#428,#427,#233,.T.);
#525=EDGE_CURVE('',#421,#428,#234,.T.);
#526=EDGE_CURVE('',#429,#426,#235,.T.);
#527=EDGE_CURVE('',#430,#429,#236,.T.);
#528=EDGE_CURVE('',#430,#425,#237,.T.);
#529=EDGE_CURVE('',#421,#431,#238,.T.);
#530=EDGE_CURVE('',#429,#431,#239,.T.);
#531=EDGE_CURVE('',#432,#433,#240,.T.);
#532=EDGE_CURVE('',#434,#432,#241,.T.);
#533=EDGE_CURVE('',#435,#434,#242,.T.);
#534=EDGE_CURVE('',#436,#435,#243,.T.);
#535=EDGE_CURVE('',#437,#436,#244,.T.);
#536=EDGE_CURVE('',#438,#437,#245,.T.);
#537=EDGE_CURVE('',#439,#438,#246,.T.);
#538=EDGE_CURVE('',#440,#439,#97,.T.);
#539=EDGE_CURVE('',#441,#440,#247,.T.);
#540=EDGE_CURVE('',#442,#441,#91,.T.);
#541=EDGE_CURVE('',#433,#442,#248,.T.);
#542=EDGE_CURVE('',#443,#424,#249,.T.);
#543=EDGE_CURVE('',#423,#444,#250,.T.);
#544=EDGE_CURVE('',#444,#443,#251,.T.);
#545=EDGE_CURVE('',#443,#445,#252,.T.);
#546=EDGE_CURVE('',#445,#427,#253,.T.);
#547=EDGE_CURVE('',#444,#446,#254,.T.);
#548=EDGE_CURVE('',#446,#445,#255,.T.);
#549=EDGE_CURVE('',#447,#448,#256,.T.);
#550=EDGE_CURVE('',#449,#447,#40,.T.);
#551=EDGE_CURVE('',#450,#449,#41,.T.);
#552=EDGE_CURVE('',#451,#450,#257,.T.);
#553=EDGE_CURVE('',#448,#451,#42,.T.);
#554=EDGE_CURVE('',#428,#446,#258,.T.);
#555=EDGE_CURVE('',#452,#422,#259,.T.);
#556=EDGE_CURVE('',#431,#452,#260,.T.);
#557=EDGE_CURVE('',#453,#450,#261,.T.);
#558=EDGE_CURVE('',#454,#453,#262,.T.);
#559=EDGE_CURVE('',#451,#454,#263,.T.);
#560=EDGE_CURVE('',#432,#455,#43,.T.);
#561=EDGE_CURVE('',#455,#456,#264,.T.);
#562=EDGE_CURVE('',#456,#457,#44,.T.);
#563=EDGE_CURVE('',#457,#458,#265,.T.);
#564=EDGE_CURVE('',#458,#459,#45,.T.);
#565=EDGE_CURVE('',#459,#460,#266,.T.);
#566=EDGE_CURVE('',#460,#434,#46,.T.);
#567=EDGE_CURVE('',#461,#461,#47,.T.);
#568=EDGE_CURVE('',#462,#462,#48,.T.);
#569=EDGE_CURVE('',#452,#430,#267,.T.);
#570=EDGE_CURVE('',#463,#464,#49,.T.);
#571=EDGE_CURVE('',#463,#464,#268,.T.);
#572=EDGE_CURVE('',#454,#453,#50,.T.);
#573=EDGE_CURVE('',#464,#448,#269,.T.);
#574=EDGE_CURVE('',#447,#463,#270,.T.);
#575=EDGE_CURVE('',#449,#465,#271,.T.);
#576=EDGE_CURVE('',#465,#465,#51,.T.);
#577=EDGE_CURVE('',#439,#466,#272,.T.);
#578=EDGE_CURVE('',#466,#467,#52,.T.);
#579=EDGE_CURVE('',#467,#440,#273,.T.);
#580=EDGE_CURVE('',#468,#469,#53,.T.);
#581=EDGE_CURVE('',#469,#467,#92,.T.);
#582=EDGE_CURVE('',#466,#468,#93,.T.);
#583=EDGE_CURVE('',#470,#471,#54,.T.);
#584=EDGE_CURVE('',#471,#469,#55,.T.);
#585=EDGE_CURVE('',#468,#470,#56,.T.);
#586=EDGE_CURVE('',#470,#472,#274,.T.);
#587=EDGE_CURVE('',#472,#473,#57,.T.);
#588=EDGE_CURVE('',#473,#471,#275,.T.);
#589=EDGE_CURVE('',#474,#475,#58,.T.);
#590=EDGE_CURVE('',#475,#473,#59,.T.);
#591=EDGE_CURVE('',#472,#474,#60,.T.);
#592=EDGE_CURVE('',#476,#477,#61,.T.);
#593=EDGE_CURVE('',#477,#475,#94,.T.);
#594=EDGE_CURVE('',#474,#476,#95,.T.);
#595=EDGE_CURVE('',#476,#478,#276,.T.);
#596=EDGE_CURVE('',#478,#479,#98,.T.);
#597=EDGE_CURVE('',#479,#477,#277,.T.);
#598=EDGE_CURVE('',#480,#476,#278,.T.);
#599=EDGE_CURVE('',#480,#481,#279,.T.);
#600=EDGE_CURVE('',#481,#482,#280,.T.);
#601=EDGE_CURVE('',#483,#482,#281,.T.);
#602=EDGE_CURVE('',#483,#478,#282,.T.);
#603=EDGE_CURVE('',#472,#484,#283,.T.);
#604=EDGE_CURVE('',#484,#480,#62,.T.);
#605=EDGE_CURVE('',#485,#470,#284,.T.);
#606=EDGE_CURVE('',#485,#484,#285,.T.);
#607=EDGE_CURVE('',#466,#486,#286,.T.);
#608=EDGE_CURVE('',#486,#485,#63,.T.);
#609=EDGE_CURVE('',#487,#438,#287,.T.);
#610=EDGE_CURVE('',#487,#488,#288,.T.);
#611=EDGE_CURVE('',#488,#486,#289,.T.);
#612=EDGE_CURVE('',#471,#489,#290,.T.);
#613=EDGE_CURVE('',#489,#442,#64,.T.);
#614=EDGE_CURVE('',#442,#469,#291,.T.);
#615=EDGE_CURVE('',#473,#490,#292,.T.);
#616=EDGE_CURVE('',#490,#491,#293,.T.);
#617=EDGE_CURVE('',#492,#491,#99,.F.);
#618=EDGE_CURVE('',#493,#492,#100,.F.);
#619=EDGE_CURVE('',#493,#489,#294,.T.);
#620=EDGE_CURVE('',#475,#494,#295,.T.);
#621=EDGE_CURVE('',#494,#490,#65,.T.);
#622=EDGE_CURVE('',#441,#467,#296,.T.);
#623=EDGE_CURVE('',#477,#495,#297,.T.);
#624=EDGE_CURVE('',#495,#494,#96,.T.);
#625=EDGE_CURVE('',#479,#495,#298,.T.);
#626=EDGE_CURVE('',#494,#496,#299,.T.);
#627=EDGE_CURVE('',#497,#496,#66,.T.);
#628=EDGE_CURVE('',#497,#498,#300,.T.);
#629=EDGE_CURVE('',#433,#498,#67,.T.);
#630=EDGE_CURVE('',#493,#491,#68,.T.);
#631=EDGE_CURVE('',#498,#455,#301,.T.);
#632=EDGE_CURVE('',#456,#497,#302,.T.);
#633=EDGE_CURVE('',#496,#457,#303,.T.);
#634=EDGE_CURVE('',#499,#483,#304,.T.);
#635=EDGE_CURVE('',#500,#499,#305,.T.);
#636=EDGE_CURVE('',#501,#500,#306,.T.);
#637=EDGE_CURVE('',#458,#501,#307,.T.);
#638=EDGE_CURVE('',#460,#502,#308,.T.);
#639=EDGE_CURVE('',#502,#435,#69,.T.);
#640=EDGE_CURVE('',#502,#503,#309,.T.);
#641=EDGE_CURVE('',#501,#503,#70,.T.);
#642=EDGE_CURVE('',#504,#500,#71,.T.);
#643=EDGE_CURVE('',#505,#504,#72,.T.);
#644=EDGE_CURVE('',#436,#505,#73,.T.);
#645=EDGE_CURVE('',#506,#506,#74,.T.);
#646=EDGE_CURVE('',#503,#459,#310,.T.);
#647=EDGE_CURVE('',#462,#492,#311,.T.);
#648=EDGE_CURVE('',#506,#461,#312,.T.);
#649=EDGE_CURVE('',#507,#499,#75,.T.);
#650=EDGE_CURVE('',#507,#504,#313,.T.);
#651=EDGE_CURVE('',#482,#508,#314,.F.);
#652=EDGE_CURVE('',#508,#507,#76,.T.);
#653=EDGE_CURVE('',#437,#509,#77,.T.);
#654=EDGE_CURVE('',#509,#510,#78,.T.);
#655=EDGE_CURVE('',#510,#487,#315,.F.);
#656=EDGE_CURVE('',#511,#511,#79,.T.);
#657=EDGE_CURVE('',#511,#512,#316,.T.);
#658=EDGE_CURVE('',#512,#512,#80,.T.);
#659=EDGE_CURVE('',#513,#514,#81,.T.);
#660=EDGE_CURVE('',#481,#514,#317,.F.);
#661=EDGE_CURVE('',#513,#488,#318,.F.);
#662=EDGE_CURVE('',#515,#515,#82,.T.);
#663=EDGE_CURVE('',#515,#511,#319,.T.);
#664=EDGE_CURVE('',#514,#508,#320,.F.);
#665=EDGE_CURVE('',#510,#513,#321,.F.);
#666=EDGE_CURVE('',#505,#509,#322,.T.);
#667=ORIENTED_EDGE('',*,*,#516,.F.);
#668=ORIENTED_EDGE('',*,*,#517,.F.);
#669=ORIENTED_EDGE('',*,*,#518,.F.);
#670=ORIENTED_EDGE('',*,*,#519,.F.);
#671=ORIENTED_EDGE('',*,*,#520,.F.);
#672=ORIENTED_EDGE('',*,*,#521,.F.);
#673=ORIENTED_EDGE('',*,*,#522,.F.);
#674=ORIENTED_EDGE('',*,*,#523,.F.);
#675=ORIENTED_EDGE('',*,*,#524,.F.);
#676=ORIENTED_EDGE('',*,*,#525,.F.);
#677=ORIENTED_EDGE('',*,*,#522,.T.);
#678=ORIENTED_EDGE('',*,*,#526,.F.);
#679=ORIENTED_EDGE('',*,*,#527,.F.);
#680=ORIENTED_EDGE('',*,*,#528,.T.);
#681=ORIENTED_EDGE('',*,*,#521,.T.);
#682=ORIENTED_EDGE('',*,*,#529,.T.);
#683=ORIENTED_EDGE('',*,*,#530,.F.);
#684=ORIENTED_EDGE('',*,*,#526,.T.);
#685=ORIENTED_EDGE('',*,*,#531,.F.);
#686=ORIENTED_EDGE('',*,*,#532,.F.);
#687=ORIENTED_EDGE('',*,*,#533,.F.);
#688=ORIENTED_EDGE('',*,*,#534,.F.);
#689=ORIENTED_EDGE('',*,*,#535,.F.);
#690=ORIENTED_EDGE('',*,*,#536,.F.);
#691=ORIENTED_EDGE('',*,*,#537,.F.);
#692=ORIENTED_EDGE('',*,*,#538,.F.);
#693=ORIENTED_EDGE('',*,*,#539,.F.);
#694=ORIENTED_EDGE('',*,*,#540,.F.);
#695=ORIENTED_EDGE('',*,*,#541,.F.);
#696=ORIENTED_EDGE('',*,*,#542,.T.);
#697=ORIENTED_EDGE('',*,*,#518,.T.);
#698=ORIENTED_EDGE('',*,*,#543,.T.);
#699=ORIENTED_EDGE('',*,*,#544,.T.);
#700=ORIENTED_EDGE('',*,*,#542,.F.);
#701=ORIENTED_EDGE('',*,*,#545,.T.);
#702=ORIENTED_EDGE('',*,*,#546,.T.);
#703=ORIENTED_EDGE('',*,*,#523,.T.);
#704=ORIENTED_EDGE('',*,*,#519,.T.);
#705=ORIENTED_EDGE('',*,*,#544,.F.);
#706=ORIENTED_EDGE('',*,*,#547,.T.);
#707=ORIENTED_EDGE('',*,*,#548,.T.);
#708=ORIENTED_EDGE('',*,*,#545,.F.);
#709=ORIENTED_EDGE('',*,*,#549,.F.);
#710=ORIENTED_EDGE('',*,*,#550,.F.);
#711=ORIENTED_EDGE('',*,*,#551,.F.);
#712=ORIENTED_EDGE('',*,*,#552,.F.);
#713=ORIENTED_EDGE('',*,*,#553,.F.);
#714=ORIENTED_EDGE('',*,*,#543,.F.);
#715=ORIENTED_EDGE('',*,*,#517,.T.);
#716=ORIENTED_EDGE('',*,*,#525,.T.);
#717=ORIENTED_EDGE('',*,*,#554,.T.);
#718=ORIENTED_EDGE('',*,*,#547,.F.);
#719=ORIENTED_EDGE('',*,*,#546,.F.);
#720=ORIENTED_EDGE('',*,*,#548,.F.);
#721=ORIENTED_EDGE('',*,*,#554,.F.);
#722=ORIENTED_EDGE('',*,*,#524,.T.);
#723=ORIENTED_EDGE('',*,*,#516,.T.);
#724=ORIENTED_EDGE('',*,*,#555,.F.);
#725=ORIENTED_EDGE('',*,*,#556,.F.);
#726=ORIENTED_EDGE('',*,*,#529,.F.);
#727=ORIENTED_EDGE('',*,*,#552,.T.);
#728=ORIENTED_EDGE('',*,*,#557,.F.);
#729=ORIENTED_EDGE('',*,*,#558,.F.);
#730=ORIENTED_EDGE('',*,*,#559,.F.);
#731=ORIENTED_EDGE('',*,*,#560,.T.);
#732=ORIENTED_EDGE('',*,*,#561,.T.);
#733=ORIENTED_EDGE('',*,*,#562,.T.);
#734=ORIENTED_EDGE('',*,*,#563,.T.);
#735=ORIENTED_EDGE('',*,*,#564,.T.);
#736=ORIENTED_EDGE('',*,*,#565,.T.);
#737=ORIENTED_EDGE('',*,*,#566,.T.);
#738=ORIENTED_EDGE('',*,*,#532,.T.);
#739=ORIENTED_EDGE('',*,*,#567,.T.);
#740=ORIENTED_EDGE('',*,*,#568,.T.);
#741=ORIENTED_EDGE('',*,*,#527,.T.);
#742=ORIENTED_EDGE('',*,*,#530,.T.);
#743=ORIENTED_EDGE('',*,*,#556,.T.);
#744=ORIENTED_EDGE('',*,*,#569,.T.);
#745=ORIENTED_EDGE('',*,*,#570,.F.);
#746=ORIENTED_EDGE('',*,*,#571,.T.);
#747=ORIENTED_EDGE('',*,*,#572,.F.);
#748=ORIENTED_EDGE('',*,*,#558,.T.);
#749=ORIENTED_EDGE('',*,*,#549,.T.);
#750=ORIENTED_EDGE('',*,*,#573,.F.);
#751=ORIENTED_EDGE('',*,*,#571,.F.);
#752=ORIENTED_EDGE('',*,*,#574,.F.);
#753=ORIENTED_EDGE('',*,*,#520,.T.);
#754=ORIENTED_EDGE('',*,*,#528,.F.);
#755=ORIENTED_EDGE('',*,*,#569,.F.);
#756=ORIENTED_EDGE('',*,*,#555,.T.);
#757=ORIENTED_EDGE('',*,*,#553,.T.);
#758=ORIENTED_EDGE('',*,*,#559,.T.);
#759=ORIENTED_EDGE('',*,*,#572,.T.);
#760=ORIENTED_EDGE('',*,*,#557,.T.);
#761=ORIENTED_EDGE('',*,*,#551,.T.);
#762=ORIENTED_EDGE('',*,*,#575,.T.);
#763=ORIENTED_EDGE('',*,*,#576,.F.);
#764=ORIENTED_EDGE('',*,*,#575,.F.);
#765=ORIENTED_EDGE('',*,*,#550,.T.);
#766=ORIENTED_EDGE('',*,*,#574,.T.);
#767=ORIENTED_EDGE('',*,*,#570,.T.);
#768=ORIENTED_EDGE('',*,*,#573,.T.);
#769=ORIENTED_EDGE('',*,*,#538,.T.);
#770=ORIENTED_EDGE('',*,*,#577,.T.);
#771=ORIENTED_EDGE('',*,*,#578,.T.);
#772=ORIENTED_EDGE('',*,*,#579,.T.);
#773=ORIENTED_EDGE('',*,*,#580,.T.);
#774=ORIENTED_EDGE('',*,*,#581,.T.);
#775=ORIENTED_EDGE('',*,*,#578,.F.);
#776=ORIENTED_EDGE('',*,*,#582,.T.);
#777=ORIENTED_EDGE('',*,*,#583,.T.);
#778=ORIENTED_EDGE('',*,*,#584,.T.);
#779=ORIENTED_EDGE('',*,*,#580,.F.);
#780=ORIENTED_EDGE('',*,*,#585,.T.);
#781=ORIENTED_EDGE('',*,*,#583,.F.);
#782=ORIENTED_EDGE('',*,*,#586,.T.);
#783=ORIENTED_EDGE('',*,*,#587,.T.);
#784=ORIENTED_EDGE('',*,*,#588,.T.);
#785=ORIENTED_EDGE('',*,*,#589,.T.);
#786=ORIENTED_EDGE('',*,*,#590,.T.);
#787=ORIENTED_EDGE('',*,*,#587,.F.);
#788=ORIENTED_EDGE('',*,*,#591,.T.);
#789=ORIENTED_EDGE('',*,*,#592,.T.);
#790=ORIENTED_EDGE('',*,*,#593,.T.);
#791=ORIENTED_EDGE('',*,*,#589,.F.);
#792=ORIENTED_EDGE('',*,*,#594,.T.);
#793=ORIENTED_EDGE('',*,*,#592,.F.);
#794=ORIENTED_EDGE('',*,*,#595,.T.);
#795=ORIENTED_EDGE('',*,*,#596,.T.);
#796=ORIENTED_EDGE('',*,*,#597,.T.);
#797=ORIENTED_EDGE('',*,*,#595,.F.);
#798=ORIENTED_EDGE('',*,*,#598,.F.);
#799=ORIENTED_EDGE('',*,*,#599,.T.);
#800=ORIENTED_EDGE('',*,*,#600,.T.);
#801=ORIENTED_EDGE('',*,*,#601,.F.);
#802=ORIENTED_EDGE('',*,*,#602,.T.);
#803=ORIENTED_EDGE('',*,*,#594,.F.);
#804=ORIENTED_EDGE('',*,*,#591,.F.);
#805=ORIENTED_EDGE('',*,*,#603,.T.);
#806=ORIENTED_EDGE('',*,*,#604,.T.);
#807=ORIENTED_EDGE('',*,*,#598,.T.);
#808=ORIENTED_EDGE('',*,*,#586,.F.);
#809=ORIENTED_EDGE('',*,*,#605,.F.);
#810=ORIENTED_EDGE('',*,*,#606,.T.);
#811=ORIENTED_EDGE('',*,*,#603,.F.);
#812=ORIENTED_EDGE('',*,*,#585,.F.);
#813=ORIENTED_EDGE('',*,*,#582,.F.);
#814=ORIENTED_EDGE('',*,*,#607,.T.);
#815=ORIENTED_EDGE('',*,*,#608,.T.);
#816=ORIENTED_EDGE('',*,*,#605,.T.);
#817=ORIENTED_EDGE('',*,*,#577,.F.);
#818=ORIENTED_EDGE('',*,*,#537,.T.);
#819=ORIENTED_EDGE('',*,*,#609,.F.);
#820=ORIENTED_EDGE('',*,*,#610,.T.);
#821=ORIENTED_EDGE('',*,*,#611,.T.);
#822=ORIENTED_EDGE('',*,*,#607,.F.);
#823=ORIENTED_EDGE('',*,*,#584,.F.);
#824=ORIENTED_EDGE('',*,*,#612,.T.);
#825=ORIENTED_EDGE('',*,*,#613,.T.);
#826=ORIENTED_EDGE('',*,*,#614,.T.);
#827=ORIENTED_EDGE('',*,*,#588,.F.);
#828=ORIENTED_EDGE('',*,*,#615,.T.);
#829=ORIENTED_EDGE('',*,*,#616,.T.);
#830=ORIENTED_EDGE('',*,*,#617,.F.);
#831=ORIENTED_EDGE('',*,*,#618,.F.);
#832=ORIENTED_EDGE('',*,*,#619,.T.);
#833=ORIENTED_EDGE('',*,*,#612,.F.);
#834=ORIENTED_EDGE('',*,*,#590,.F.);
#835=ORIENTED_EDGE('',*,*,#620,.T.);
#836=ORIENTED_EDGE('',*,*,#621,.T.);
#837=ORIENTED_EDGE('',*,*,#615,.F.);
#838=ORIENTED_EDGE('',*,*,#581,.F.);
#839=ORIENTED_EDGE('',*,*,#614,.F.);
#840=ORIENTED_EDGE('',*,*,#540,.T.);
#841=ORIENTED_EDGE('',*,*,#622,.T.);
#842=ORIENTED_EDGE('',*,*,#579,.F.);
#843=ORIENTED_EDGE('',*,*,#622,.F.);
#844=ORIENTED_EDGE('',*,*,#539,.T.);
#845=ORIENTED_EDGE('',*,*,#593,.F.);
#846=ORIENTED_EDGE('',*,*,#623,.T.);
#847=ORIENTED_EDGE('',*,*,#624,.T.);
#848=ORIENTED_EDGE('',*,*,#620,.F.);
#849=ORIENTED_EDGE('',*,*,#597,.F.);
#850=ORIENTED_EDGE('',*,*,#625,.T.);
#851=ORIENTED_EDGE('',*,*,#623,.F.);
#852=ORIENTED_EDGE('',*,*,#616,.F.);
#853=ORIENTED_EDGE('',*,*,#621,.F.);
#854=ORIENTED_EDGE('',*,*,#626,.T.);
#855=ORIENTED_EDGE('',*,*,#627,.F.);
#856=ORIENTED_EDGE('',*,*,#628,.T.);
#857=ORIENTED_EDGE('',*,*,#629,.F.);
#858=ORIENTED_EDGE('',*,*,#541,.T.);
#859=ORIENTED_EDGE('',*,*,#613,.F.);
#860=ORIENTED_EDGE('',*,*,#619,.F.);
#861=ORIENTED_EDGE('',*,*,#630,.T.);
#862=ORIENTED_EDGE('',*,*,#531,.T.);
#863=ORIENTED_EDGE('',*,*,#629,.T.);
#864=ORIENTED_EDGE('',*,*,#631,.T.);
#865=ORIENTED_EDGE('',*,*,#560,.F.);
#866=ORIENTED_EDGE('',*,*,#631,.F.);
#867=ORIENTED_EDGE('',*,*,#628,.F.);
#868=ORIENTED_EDGE('',*,*,#632,.F.);
#869=ORIENTED_EDGE('',*,*,#561,.F.);
#870=ORIENTED_EDGE('',*,*,#632,.T.);
#871=ORIENTED_EDGE('',*,*,#627,.T.);
#872=ORIENTED_EDGE('',*,*,#633,.T.);
#873=ORIENTED_EDGE('',*,*,#562,.F.);
#874=ORIENTED_EDGE('',*,*,#633,.F.);
#875=ORIENTED_EDGE('',*,*,#626,.F.);
#876=ORIENTED_EDGE('',*,*,#624,.F.);
#877=ORIENTED_EDGE('',*,*,#625,.F.);
#878=ORIENTED_EDGE('',*,*,#596,.F.);
#879=ORIENTED_EDGE('',*,*,#602,.F.);
#880=ORIENTED_EDGE('',*,*,#634,.F.);
#881=ORIENTED_EDGE('',*,*,#635,.F.);
#882=ORIENTED_EDGE('',*,*,#636,.F.);
#883=ORIENTED_EDGE('',*,*,#637,.F.);
#884=ORIENTED_EDGE('',*,*,#563,.F.);
#885=ORIENTED_EDGE('',*,*,#638,.T.);
#886=ORIENTED_EDGE('',*,*,#639,.T.);
#887=ORIENTED_EDGE('',*,*,#533,.T.);
#888=ORIENTED_EDGE('',*,*,#566,.F.);
#889=ORIENTED_EDGE('',*,*,#639,.F.);
#890=ORIENTED_EDGE('',*,*,#640,.T.);
#891=ORIENTED_EDGE('',*,*,#641,.F.);
#892=ORIENTED_EDGE('',*,*,#636,.T.);
#893=ORIENTED_EDGE('',*,*,#642,.F.);
#894=ORIENTED_EDGE('',*,*,#643,.F.);
#895=ORIENTED_EDGE('',*,*,#644,.F.);
#896=ORIENTED_EDGE('',*,*,#534,.T.);
#897=ORIENTED_EDGE('',*,*,#645,.T.);
#898=ORIENTED_EDGE('',*,*,#638,.F.);
#899=ORIENTED_EDGE('',*,*,#565,.F.);
#900=ORIENTED_EDGE('',*,*,#646,.F.);
#901=ORIENTED_EDGE('',*,*,#640,.F.);
#902=ORIENTED_EDGE('',*,*,#637,.T.);
#903=ORIENTED_EDGE('',*,*,#641,.T.);
#904=ORIENTED_EDGE('',*,*,#646,.T.);
#905=ORIENTED_EDGE('',*,*,#564,.F.);
#906=ORIENTED_EDGE('',*,*,#568,.F.);
#907=ORIENTED_EDGE('',*,*,#647,.T.);
#908=ORIENTED_EDGE('',*,*,#617,.T.);
#909=ORIENTED_EDGE('',*,*,#630,.F.);
#910=ORIENTED_EDGE('',*,*,#618,.T.);
#911=ORIENTED_EDGE('',*,*,#647,.F.);
#912=ORIENTED_EDGE('',*,*,#645,.F.);
#913=ORIENTED_EDGE('',*,*,#648,.T.);
#914=ORIENTED_EDGE('',*,*,#567,.F.);
#915=ORIENTED_EDGE('',*,*,#648,.F.);
#916=ORIENTED_EDGE('',*,*,#635,.T.);
#917=ORIENTED_EDGE('',*,*,#649,.F.);
#918=ORIENTED_EDGE('',*,*,#650,.T.);
#919=ORIENTED_EDGE('',*,*,#642,.T.);
#920=ORIENTED_EDGE('',*,*,#634,.T.);
#921=ORIENTED_EDGE('',*,*,#601,.T.);
#922=ORIENTED_EDGE('',*,*,#651,.T.);
#923=ORIENTED_EDGE('',*,*,#652,.T.);
#924=ORIENTED_EDGE('',*,*,#649,.T.);
#925=ORIENTED_EDGE('',*,*,#536,.T.);
#926=ORIENTED_EDGE('',*,*,#653,.T.);
#927=ORIENTED_EDGE('',*,*,#654,.T.);
#928=ORIENTED_EDGE('',*,*,#655,.T.);
#929=ORIENTED_EDGE('',*,*,#609,.T.);
#930=ORIENTED_EDGE('',*,*,#656,.T.);
#931=ORIENTED_EDGE('',*,*,#657,.T.);
#932=ORIENTED_EDGE('',*,*,#658,.T.);
#933=ORIENTED_EDGE('',*,*,#657,.F.);
#934=ORIENTED_EDGE('',*,*,#659,.T.);
#935=ORIENTED_EDGE('',*,*,#660,.F.);
#936=ORIENTED_EDGE('',*,*,#599,.F.);
#937=ORIENTED_EDGE('',*,*,#604,.F.);
#938=ORIENTED_EDGE('',*,*,#606,.F.);
#939=ORIENTED_EDGE('',*,*,#608,.F.);
#940=ORIENTED_EDGE('',*,*,#611,.F.);
#941=ORIENTED_EDGE('',*,*,#661,.F.);
#942=ORIENTED_EDGE('',*,*,#658,.F.);
#943=ORIENTED_EDGE('',*,*,#662,.T.);
#944=ORIENTED_EDGE('',*,*,#663,.T.);
#945=ORIENTED_EDGE('',*,*,#656,.F.);
#946=ORIENTED_EDGE('',*,*,#663,.F.);
#947=ORIENTED_EDGE('',*,*,#664,.F.);
#948=ORIENTED_EDGE('',*,*,#659,.F.);
#949=ORIENTED_EDGE('',*,*,#665,.F.);
#950=ORIENTED_EDGE('',*,*,#654,.F.);
#951=ORIENTED_EDGE('',*,*,#666,.F.);
#952=ORIENTED_EDGE('',*,*,#643,.T.);
#953=ORIENTED_EDGE('',*,*,#650,.F.);
#954=ORIENTED_EDGE('',*,*,#652,.F.);
#955=ORIENTED_EDGE('',*,*,#665,.T.);
#956=ORIENTED_EDGE('',*,*,#661,.T.);
#957=ORIENTED_EDGE('',*,*,#610,.F.);
#958=ORIENTED_EDGE('',*,*,#655,.F.);
#959=ORIENTED_EDGE('',*,*,#664,.T.);
#960=ORIENTED_EDGE('',*,*,#651,.F.);
#961=ORIENTED_EDGE('',*,*,#600,.F.);
#962=ORIENTED_EDGE('',*,*,#660,.T.);
#963=ORIENTED_EDGE('',*,*,#662,.F.);
#964=ORIENTED_EDGE('',*,*,#576,.T.);
#965=ORIENTED_EDGE('',*,*,#535,.T.);
#966=ORIENTED_EDGE('',*,*,#644,.T.);
#967=ORIENTED_EDGE('',*,*,#666,.T.);
#968=ORIENTED_EDGE('',*,*,#653,.F.);
#969=PLANE('',#1062);
#970=PLANE('',#1063);
#971=PLANE('',#1064);
#972=PLANE('',#1065);
#973=PLANE('',#1066);
#974=PLANE('',#1068);
#975=PLANE('',#1069);
#976=PLANE('',#1073);
#977=PLANE('',#1074);
#978=PLANE('',#1075);
#979=PLANE('',#1076);
#980=PLANE('',#1077);
#981=PLANE('',#1084);
#982=PLANE('',#1086);
#983=PLANE('',#1088);
#984=PLANE('',#1089);
#985=PLANE('',#1108);
#986=PLANE('',#1111);
#987=PLANE('',#1114);
#988=PLANE('',#1117);
#989=PLANE('',#1122);
#990=PLANE('',#1123);
#991=PLANE('',#1124);
#992=PLANE('',#1129);
#993=PLANE('',#1131);
#994=PLANE('',#1134);
#995=PLANE('',#1140);
#996=PLANE('',#1146);
#997=PLANE('',#1148);
#998=PLANE('',#1154);
#999=PLANE('',#1159);
#1000=PLANE('',#1160);
#1001=PLANE('',#1161);
#1002=ADVANCED_FACE('',(#101),#969,.F.);
#1003=ADVANCED_FACE('',(#102),#970,.F.);
#1004=ADVANCED_FACE('',(#103),#971,.F.);
#1005=ADVANCED_FACE('',(#104),#972,.F.);
#1006=ADVANCED_FACE('',(#105,#83),#973,.T.);
#1007=ADVANCED_FACE('',(#106),#974,.F.);
#1008=ADVANCED_FACE('',(#107,#84),#975,.F.);
#1009=ADVANCED_FACE('',(#108),#976,.F.);
#1010=ADVANCED_FACE('',(#109),#977,.F.);
#1011=ADVANCED_FACE('',(#110),#978,.F.);
#1012=ADVANCED_FACE('',(#111),#979,.F.);
#1013=ADVANCED_FACE('',(#112,#85,#86,#87),#980,.T.);
#1014=ADVANCED_FACE('',(#113),#981,.F.);
#1015=ADVANCED_FACE('',(#114),#982,.F.);
#1016=ADVANCED_FACE('',(#115),#983,.F.);
#1017=ADVANCED_FACE('',(#116),#984,.F.);
#1018=ADVANCED_FACE('',(#117),#24,.F.);
#1019=ADVANCED_FACE('',(#118),#25,.F.);
#1020=ADVANCED_FACE('',(#119),#20,.T.);
#1021=ADVANCED_FACE('',(#120),#18,.F.);
#1022=ADVANCED_FACE('',(#121),#26,.F.);
#1023=ADVANCED_FACE('',(#122),#19,.F.);
#1024=ADVANCED_FACE('',(#123),#21,.T.);
#1025=ADVANCED_FACE('',(#124),#27,.F.);
#1026=ADVANCED_FACE('',(#125),#985,.T.);
#1027=ADVANCED_FACE('',(#126),#28,.T.);
#1028=ADVANCED_FACE('',(#127),#986,.T.);
#1029=ADVANCED_FACE('',(#128),#29,.T.);
#1030=ADVANCED_FACE('',(#129),#987,.T.);
#1031=ADVANCED_FACE('',(#130),#15,.T.);
#1032=ADVANCED_FACE('',(#131),#988,.T.);
#1033=ADVANCED_FACE('',(#132),#16,.T.);
#1034=ADVANCED_FACE('',(#133),#22,.T.);
#1035=ADVANCED_FACE('',(#134),#989,.T.);
#1036=ADVANCED_FACE('',(#135),#23,.T.);
#1037=ADVANCED_FACE('',(#136),#990,.T.);
#1038=ADVANCED_FACE('',(#137),#991,.F.);
#1039=ADVANCED_FACE('',(#138),#30,.T.);
#1040=ADVANCED_FACE('',(#139),#992,.T.);
#1041=ADVANCED_FACE('',(#140),#31,.T.);
#1042=ADVANCED_FACE('',(#141),#993,.T.);
#1043=ADVANCED_FACE('',(#142),#32,.T.);
#1044=ADVANCED_FACE('',(#143,#88),#994,.F.);
#1045=ADVANCED_FACE('',(#144),#995,.T.);
#1046=ADVANCED_FACE('',(#145),#33,.T.);
#1047=ADVANCED_FACE('',(#146),#34,.F.);
#1048=ADVANCED_FACE('',(#147),#35,.F.);
#1049=ADVANCED_FACE('',(#148),#36,.T.);
#1050=ADVANCED_FACE('',(#149),#996,.F.);
#1051=ADVANCED_FACE('',(#150),#997,.F.);
#1052=ADVANCED_FACE('',(#151),#17,.F.);
#1053=ADVANCED_FACE('',(#152,#89),#998,.F.);
#1054=ADVANCED_FACE('',(#153),#37,.F.);
#1055=ADVANCED_FACE('',(#154),#38,.F.);
#1056=ADVANCED_FACE('',(#155),#999,.F.);
#1057=ADVANCED_FACE('',(#156),#1000,.F.);
#1058=ADVANCED_FACE('',(#157,#90),#1001,.F.);
#1059=ADVANCED_FACE('',(#158),#39,.T.);
#1060=CLOSED_SHELL('',(#1002,#1003,#1004,#1005,#1006,#1007,#1008,#1009,
#1010,#1011,#1012,#1013,#1014,#1015,#1016,#1017,#1018,#1019,#1020,#1021,
#1022,#1023,#1024,#1025,#1026,#1027,#1028,#1029,#1030,#1031,#1032,#1033,
#1034,#1035,#1036,#1037,#1038,#1039,#1040,#1041,#1042,#1043,#1044,#1045,
#1046,#1047,#1048,#1049,#1050,#1051,#1052,#1053,#1054,#1055,#1056,#1057,
#1058,#1059));
#1061=AXIS2_PLACEMENT_3D('',#1465,#1163,#1164);
#1062=AXIS2_PLACEMENT_3D('',#1466,#1165,#1166);
#1063=AXIS2_PLACEMENT_3D('',#1477,#1172,#1173);
#1064=AXIS2_PLACEMENT_3D('',#1486,#1179,#1180);
#1065=AXIS2_PLACEMENT_3D('',#1492,#1184,#1185);
#1066=AXIS2_PLACEMENT_3D('',#1496,#1188,#1189);
#1067=AXIS2_PLACEMENT_3D('',#1513,#1197,#1198);
#1068=AXIS2_PLACEMENT_3D('',#1527,#1204,#1205);
#1069=AXIS2_PLACEMENT_3D('',#1531,#1208,#1209);
#1070=AXIS2_PLACEMENT_3D('',#1539,#1213,#1214);
#1071=AXIS2_PLACEMENT_3D('',#1541,#1215,#1216);
#1072=AXIS2_PLACEMENT_3D('',#1544,#1218,#1219);
#1073=AXIS2_PLACEMENT_3D('',#1545,#1220,#1221);
#1074=AXIS2_PLACEMENT_3D('',#1547,#1223,#1224);
#1075=AXIS2_PLACEMENT_3D('',#1548,#1225,#1226);
#1076=AXIS2_PLACEMENT_3D('',#1552,#1229,#1230);
#1077=AXIS2_PLACEMENT_3D('',#1558,#1234,#1235);
#1078=AXIS2_PLACEMENT_3D('',#1560,#1236,#1237);
#1079=AXIS2_PLACEMENT_3D('',#1564,#1239,#1240);
#1080=AXIS2_PLACEMENT_3D('',#1568,#1242,#1243);
#1081=AXIS2_PLACEMENT_3D('',#1571,#1245,#1246);
#1082=AXIS2_PLACEMENT_3D('',#1573,#1247,#1248);
#1083=AXIS2_PLACEMENT_3D('',#1575,#1249,#1250);
#1084=AXIS2_PLACEMENT_3D('',#1577,#1252,#1253);
#1085=AXIS2_PLACEMENT_3D('',#1580,#1254,#1255);
#1086=AXIS2_PLACEMENT_3D('',#1582,#1257,#1258);
#1087=AXIS2_PLACEMENT_3D('',#1583,#1259,#1260);
#1088=AXIS2_PLACEMENT_3D('',#1584,#1261,#1262);
#1089=AXIS2_PLACEMENT_3D('',#1587,#1265,#1266);
#1090=AXIS2_PLACEMENT_3D('',#1588,#1267,#1268);
#1091=AXIS2_PLACEMENT_3D('',#1591,#1270,#1271);
#1092=AXIS2_PLACEMENT_3D('',#1592,#1272,#1273);
#1093=AXIS2_PLACEMENT_3D('',#1596,#1275,#1276);
#1094=AXIS2_PLACEMENT_3D('',#1616,#1278,#1279);
#1095=AXIS2_PLACEMENT_3D('',#1625,#1280,#1281);
#1096=AXIS2_PLACEMENT_3D('',#1628,#1282,#1283);
#1097=AXIS2_PLACEMENT_3D('',#1629,#1284,#1285);
#1098=AXIS2_PLACEMENT_3D('',#1630,#1286,#1287);
#1099=AXIS2_PLACEMENT_3D('',#1631,#1288,#1289);
#1100=AXIS2_PLACEMENT_3D('',#1635,#1291,#1292);
#1101=AXIS2_PLACEMENT_3D('',#1637,#1294,#1295);
#1102=AXIS2_PLACEMENT_3D('',#1640,#1296,#1297);
#1103=AXIS2_PLACEMENT_3D('',#1641,#1298,#1299);
#1104=AXIS2_PLACEMENT_3D('',#1642,#1300,#1301);
#1105=AXIS2_PLACEMENT_3D('',#1661,#1302,#1303);
#1106=AXIS2_PLACEMENT_3D('',#1670,#1304,#1305);
#1107=AXIS2_PLACEMENT_3D('',#1674,#1307,#1308);
#1108=AXIS2_PLACEMENT_3D('',#1676,#1310,#1311);
#1109=AXIS2_PLACEMENT_3D('',#1686,#1317,#1318);
#1110=AXIS2_PLACEMENT_3D('',#1689,#1320,#1321);
#1111=AXIS2_PLACEMENT_3D('',#1690,#1322,#1323);
#1112=AXIS2_PLACEMENT_3D('',#1694,#1326,#1327);
#1113=AXIS2_PLACEMENT_3D('',#1697,#1329,#1330);
#1114=AXIS2_PLACEMENT_3D('',#1698,#1331,#1332);
#1115=AXIS2_PLACEMENT_3D('',#1704,#1336,#1337);
#1116=AXIS2_PLACEMENT_3D('',#1707,#1339,#1340);
#1117=AXIS2_PLACEMENT_3D('',#1709,#1342,#1343);
#1118=AXIS2_PLACEMENT_3D('',#1715,#1346,#1347);
#1119=AXIS2_PLACEMENT_3D('',#1717,#1348,#1349);
#1120=AXIS2_PLACEMENT_3D('',#1719,#1351,#1352);
#1121=AXIS2_PLACEMENT_3D('',#1722,#1354,#1355);
#1122=AXIS2_PLACEMENT_3D('',#1740,#1357,#1358);
#1123=AXIS2_PLACEMENT_3D('',#1765,#1360,#1361);
#1124=AXIS2_PLACEMENT_3D('',#1767,#1363,#1364);
#1125=AXIS2_PLACEMENT_3D('',#1771,#1366,#1367);
#1126=AXIS2_PLACEMENT_3D('',#1774,#1369,#1370);
#1127=AXIS2_PLACEMENT_3D('',#1775,#1371,#1372);
#1128=AXIS2_PLACEMENT_3D('',#1776,#1373,#1374);
#1129=AXIS2_PLACEMENT_3D('',#1778,#1376,#1377);
#1130=AXIS2_PLACEMENT_3D('',#1780,#1379,#1380);
#1131=AXIS2_PLACEMENT_3D('',#1782,#1382,#1383);
#1132=AXIS2_PLACEMENT_3D('',#1790,#1388,#1389);
#1133=AXIS2_PLACEMENT_3D('',#1793,#1391,#1392);
#1134=AXIS2_PLACEMENT_3D('',#1794,#1393,#1394);
#1135=AXIS2_PLACEMENT_3D('',#1797,#1396,#1397);
#1136=AXIS2_PLACEMENT_3D('',#1799,#1398,#1399);
#1137=AXIS2_PLACEMENT_3D('',#1801,#1400,#1401);
#1138=AXIS2_PLACEMENT_3D('',#1802,#1402,#1403);
#1139=AXIS2_PLACEMENT_3D('',#1804,#1404,#1405);
#1140=AXIS2_PLACEMENT_3D('',#1805,#1406,#1407);
#1141=AXIS2_PLACEMENT_3D('',#1807,#1409,#1410);
#1142=AXIS2_PLACEMENT_3D('',#1808,#1411,#1412);
#1143=AXIS2_PLACEMENT_3D('',#1810,#1414,#1415);
#1144=AXIS2_PLACEMENT_3D('',#1812,#1417,#1418);
#1145=AXIS2_PLACEMENT_3D('',#1814,#1419,#1420);
#1146=AXIS2_PLACEMENT_3D('',#1816,#1422,#1423);
#1147=AXIS2_PLACEMENT_3D('',#1819,#1425,#1426);
#1148=AXIS2_PLACEMENT_3D('',#1820,#1427,#1428);
#1149=AXIS2_PLACEMENT_3D('',#1822,#1429,#1430);
#1150=AXIS2_PLACEMENT_3D('',#1824,#1431,#1432);
#1151=AXIS2_PLACEMENT_3D('',#1826,#1434,#1435);
#1152=AXIS2_PLACEMENT_3D('',#1828,#1436,#1437);
#1153=AXIS2_PLACEMENT_3D('',#1831,#1439,#1440);
#1154=AXIS2_PLACEMENT_3D('',#1832,#1441,#1442);
#1155=AXIS2_PLACEMENT_3D('',#1835,#1443,#1444);
#1156=AXIS2_PLACEMENT_3D('',#1838,#1447,#1448);
#1157=AXIS2_PLACEMENT_3D('',#1840,#1449,#1450);
#1158=AXIS2_PLACEMENT_3D('',#1842,#1452,#1453);
#1159=AXIS2_PLACEMENT_3D('',#1846,#1457,#1458);
#1160=AXIS2_PLACEMENT_3D('',#1847,#1459,#1460);
#1161=AXIS2_PLACEMENT_3D('',#1848,#1461,#1462);
#1162=AXIS2_PLACEMENT_3D('',#1849,#1463,#1464);
#1163=DIRECTION('axis',(0.,0.,1.));
#1164=DIRECTION('refdir',(1.,0.,0.));
#1165=DIRECTION('center_axis',(5.55111512312578E-16,0.,1.));
#1166=DIRECTION('ref_axis',(1.,0.,-5.55111512312578E-16));
#1167=DIRECTION('',(-0.90630778703665,-0.422618261740699,5.0310188628258E-16));
#1168=DIRECTION('',(-6.93889390390723E-17,1.,0.));
#1169=DIRECTION('',(1.,2.22044604925034E-16,-5.55111512312578E-16));
#1170=DIRECTION('',(6.93889390390723E-17,-1.,0.));
#1171=DIRECTION('',(-0.4226182617407,0.90630778703665,2.34600262405793E-16));
#1172=DIRECTION('center_axis',(8.32667268468867E-16,0.,1.));
#1173=DIRECTION('ref_axis',(1.,0.,-8.32667268468867E-16));
#1174=DIRECTION('',(0.422618261740699,-0.90630778703665,-3.51900393608689E-16));
#1175=DIRECTION('',(0.90630778703665,0.422618261740699,-7.54652829423871E-16));
#1176=DIRECTION('',(6.93889390390723E-17,-1.,0.));
#1177=DIRECTION('',(-1.,-1.02654546075856E-16,7.06801410205563E-16));
#1178=DIRECTION('',(-6.93889390390723E-17,1.,0.));
#1179=DIRECTION('center_axis',(-0.422618261740699,0.90630778703665,0.));
#1180=DIRECTION('ref_axis',(0.90630778703665,0.422618261740699,0.));
#1181=DIRECTION('',(0.,0.,-1.));
#1182=DIRECTION('',(0.90630778703665,0.422618261740699,0.));
#1183=DIRECTION('',(0.,0.,-1.));
#1184=DIRECTION('center_axis',(0.90630778703665,0.422618261740699,0.));
#1185=DIRECTION('ref_axis',(0.422618261740699,-0.90630778703665,0.));
#1186=DIRECTION('',(0.,-5.27355936696949E-15,1.));
#1187=DIRECTION('',(0.422618261740699,-0.90630778703665,-4.81720056115571E-15));
#1188=DIRECTION('center_axis',(2.22044604925031E-16,-1.,-5.31519273039293E-15));
#1189=DIRECTION('ref_axis',(1.,2.22044604925031E-16,1.72563323017097E-31));
#1190=DIRECTION('',(-1.0076465469034E-30,5.31519273039293E-15,-1.));
#1191=DIRECTION('',(1.,2.22044604925031E-16,1.72563323017097E-31));
#1192=DIRECTION('',(1.0076465469034E-30,-5.31519273039293E-15,1.));
#1193=DIRECTION('',(-1.,-2.22044604925031E-16,-1.72563323017097E-31));
#1194=DIRECTION('',(1.18275058810128E-30,-5.43765741030767E-15,1.));
#1195=DIRECTION('',(-1.,-2.22044604925031E-16,-2.46519032881566E-32));
#1196=DIRECTION('',(2.82552880529628E-17,5.45397060847108E-15,-1.));
#1197=DIRECTION('center_axis',(2.22044604925031E-16,-1.,-5.31519273039293E-15));
#1198=DIRECTION('ref_axis',(-1.,-2.22044604925032E-16,6.93889390390722E-17));
#1199=DIRECTION('',(-0.894427190999916,2.17842371947448E-15,-0.447213595499957));
#1200=DIRECTION('',(-1.,-2.22044604925031E-16,-1.72563323017097E-31));
#1201=DIRECTION('',(-1.0547118733939E-14,-5.31519273039294E-15,1.));
#1202=DIRECTION('',(-2.22044604925031E-15,5.31519273039293E-15,-1.));
#1203=DIRECTION('',(-1.,-2.22044604924975E-16,-1.05080459140818E-14));
#1204=DIRECTION('center_axis',(-1.,-6.93889390390723E-17,-1.0547118733939E-14));
#1205=DIRECTION('ref_axis',(-1.0547118733939E-14,0.,1.));
#1206=DIRECTION('',(-6.93889390390723E-17,1.,0.));
#1207=DIRECTION('',(8.32667268468867E-16,0.,1.));
#1208=DIRECTION('center_axis',(1.05080459140818E-14,7.29142157351993E-31,
-1.));
#1209=DIRECTION('ref_axis',(-1.,-8.781075360307E-16,-1.05080459140818E-14));
#1210=DIRECTION('',(-6.93889390390723E-17,1.,0.));
#1211=DIRECTION('',(-1.,-8.781075360307E-16,-1.05080459140818E-14));
#1212=DIRECTION('',(0.90630778703665,0.422618261740699,9.52352383847096E-15));
#1213=DIRECTION('center_axis',(-1.05080459140818E-14,-7.29142157351993E-31,
1.));
#1214=DIRECTION('ref_axis',(0.866025403784438,0.5,2.71882870515384E-15));
#1215=DIRECTION('center_axis',(-1.05080459140818E-14,-7.29142157351993E-31,
1.));
#1216=DIRECTION('ref_axis',(0.866025403784438,0.5,2.71882870515384E-15));
#1217=DIRECTION('',(-0.90630778703665,-0.422618261740699,-9.52352383847096E-15));
#1218=DIRECTION('center_axis',(-1.05080459140818E-14,-7.29142157351993E-31,
1.));
#1219=DIRECTION('ref_axis',(0.866025403784438,0.5,2.71882870515384E-15));
#1220=DIRECTION('center_axis',(1.,6.93889390390723E-17,-2.22044604925031E-15));
#1221=DIRECTION('ref_axis',(-2.22044604925031E-15,-1.39283253578085E-29,
-1.));
#1222=DIRECTION('',(-2.22044604925031E-15,-1.39283253578085E-29,-1.));
#1223=DIRECTION('center_axis',(-6.93889390390723E-17,1.,0.));
#1224=DIRECTION('ref_axis',(0.,0.,1.));
#1225=DIRECTION('center_axis',(0.422618261740699,-0.90630778703665,0.));
#1226=DIRECTION('ref_axis',(-0.90630778703665,-0.422618261740699,0.));
#1227=DIRECTION('',(0.,0.,-1.));
#1228=DIRECTION('',(-0.90630778703665,-0.422618261740699,0.));
#1229=DIRECTION('center_axis',(-0.422618261740699,0.90630778703665,0.));
#1230=DIRECTION('ref_axis',(0.90630778703665,0.422618261740699,0.));
#1231=DIRECTION('',(1.18275058810128E-30,-5.43765741030767E-15,1.));
#1232=DIRECTION('',(-0.90630778703665,-0.422618261740699,0.));
#1233=DIRECTION('',(-1.18275058810128E-30,5.43765741030767E-15,-1.));
#1234=DIRECTION('center_axis',(1.0076465469034E-30,-5.31519273039293E-15,
1.));
#1235=DIRECTION('ref_axis',(2.22044604925031E-16,-1.,-5.31519273039293E-15));
#1236=DIRECTION('center_axis',(1.0076465469034E-30,-5.31519273039293E-15,
1.));
#1237=DIRECTION('ref_axis',(0.707106781186548,-0.707106781186547,-3.75840882297429E-15));
#1238=DIRECTION('',(-2.22044604925031E-16,1.,5.31519273039293E-15));
#1239=DIRECTION('center_axis',(1.0076465469034E-30,-5.31519273039293E-15,
1.));
#1240=DIRECTION('ref_axis',(0.707106781186547,0.707106781186548,3.75840882297429E-15));
#1241=DIRECTION('',(-1.,-2.22044604925031E-16,-1.72563323017097E-31));
#1242=DIRECTION('center_axis',(1.0076465469034E-30,-5.31519273039293E-15,
1.));
#1243=DIRECTION('ref_axis',(-0.707106781186548,0.707106781186547,3.75840882297429E-15));
#1244=DIRECTION('',(2.22044604925031E-16,-1.,-5.31519273039293E-15));
#1245=DIRECTION('center_axis',(1.0076465469034E-30,-5.31519273039293E-15,
1.));
#1246=DIRECTION('ref_axis',(-0.707106781186547,-0.707106781186548,-3.75840882297429E-15));
#1247=DIRECTION('center_axis',(-1.0076465469034E-30,5.31519273039293E-15,
-1.));
#1248=DIRECTION('ref_axis',(-2.22044604925031E-16,1.,5.31519273039293E-15));
#1249=DIRECTION('center_axis',(-1.0076465469034E-30,5.31519273039293E-15,
-1.));
#1250=DIRECTION('ref_axis',(2.22044604925031E-16,-1.,-5.31519273039293E-15));
#1251=DIRECTION('',(-0.4226182617407,0.90630778703665,4.81720056115571E-15));
#1252=DIRECTION('center_axis',(0.,0.,1.));
#1253=DIRECTION('ref_axis',(-1.,0.,0.));
#1254=DIRECTION('center_axis',(0.,0.,1.));
#1255=DIRECTION('ref_axis',(0.866025403784438,0.5,2.71882870515384E-15));
#1256=DIRECTION('',(0.90630778703665,0.422618261740699,0.));
#1257=DIRECTION('center_axis',(-1.8015897102459E-31,7.71778447098873E-32,
1.));
#1258=DIRECTION('ref_axis',(-1.,0.,-1.8015897102459E-31));
#1259=DIRECTION('center_axis',(-1.8015897102459E-31,7.71778447098873E-32,
1.));
#1260=DIRECTION('ref_axis',(0.866025403784438,0.5,2.71882870515384E-15));
#1261=DIRECTION('center_axis',(0.422618261740699,-0.90630778703665,0.));
#1262=DIRECTION('ref_axis',(-0.90630778703665,-0.422618261740699,0.));
#1263=DIRECTION('',(1.18275058810128E-30,-5.43765741030767E-15,1.));
#1264=DIRECTION('',(-1.18275058810128E-30,5.43765741030767E-15,-1.));
#1265=DIRECTION('center_axis',(-0.90630778703665,-0.4226182617407,0.));
#1266=DIRECTION('ref_axis',(-0.4226182617407,0.90630778703665,0.));
#1267=DIRECTION('center_axis',(1.18275058810128E-30,-5.43765741030767E-15,
1.));
#1268=DIRECTION('ref_axis',(0.866025403784438,0.5,2.71882870515384E-15));
#1269=DIRECTION('',(-1.18275058810128E-30,5.43765741030767E-15,-1.));
#1270=DIRECTION('center_axis',(1.18275058810128E-30,-5.43765741030767E-15,
1.));
#1271=DIRECTION('ref_axis',(0.866025403784438,0.5,2.71882870515384E-15));
#1272=DIRECTION('center_axis',(0.866025403784439,0.5,2.57909174226228E-15));
#1273=DIRECTION('ref_axis',(-0.461939766255643,0.800103145191264,0.382683432365094));
#1274=DIRECTION('',(0.866025403784439,0.5,2.57909174226228E-15));
#1275=DIRECTION('center_axis',(0.866025403784439,0.5,3.03921606001544E-15));
#1276=DIRECTION('ref_axis',(-0.5,0.866025403784439,4.60309193053066E-15));
#1277=DIRECTION('',(-0.866025403784439,-0.5,-2.53983943079518E-15));
#1278=DIRECTION('center_axis',(0.73496742367719,0.678102415666922,4.14941602281324E-15));
#1279=DIRECTION('ref_axis',(-0.678102415666922,0.734967423677189,7.23716258128009E-15));
#1280=DIRECTION('center_axis',(1.18275058810128E-30,-5.43765741030767E-15,
1.));
#1281=DIRECTION('ref_axis',(-2.1316282072803E-16,1.,5.6843418860808E-15));
#1282=DIRECTION('center_axis',(7.95659834314695E-16,1.,5.41700990206714E-15));
#1283=DIRECTION('ref_axis',(-1.,7.95659834314683E-16,2.22044604925032E-15));
#1284=DIRECTION('center_axis',(-2.50574390571948E-15,6.94957376526415E-15,
-1.));
#1285=DIRECTION('ref_axis',(0.915997384184836,-0.401184237186033,-5.0833143128617E-15));
#1286=DIRECTION('center_axis',(1.18275058810128E-30,-5.43765741030767E-15,
1.));
#1287=DIRECTION('ref_axis',(0.915997384184835,-0.401184237186033,-4.35281759028975E-15));
#1288=DIRECTION('center_axis',(-1.66533453693773E-16,1.,5.31519273039293E-15));
#1289=DIRECTION('ref_axis',(-0.923879532511287,-2.23917866354353E-15,0.38268343236509));
#1290=DIRECTION('',(-1.66533453693773E-16,1.,5.31519273039293E-15));
#1291=DIRECTION('center_axis',(-3.70074341541718E-17,1.,5.2385478247165E-15));
#1292=DIRECTION('ref_axis',(-1.,-3.70074341541718E-17,9.34204418357435E-31));
#1293=DIRECTION('',(1.66533453693773E-16,-1.,-5.31519273039293E-15));
#1294=DIRECTION('center_axis',(1.18275058810128E-30,-5.43765741030767E-15,
1.));
#1295=DIRECTION('ref_axis',(-2.1316282072803E-16,1.,5.6843418860808E-15));
#1296=DIRECTION('center_axis',(-0.734967458738675,0.678102377665212,2.73197124007064E-15));
#1297=DIRECTION('ref_axis',(-0.678102377665212,-0.734967458738675,-1.68604764451286E-15));
#1298=DIRECTION('center_axis',(-3.35087709993486E-15,4.38451827469993E-15,
-1.));
#1299=DIRECTION('ref_axis',(0.915997373813158,0.401184260866995,-1.31039490021766E-15));
#1300=DIRECTION('center_axis',(1.18275058810128E-30,-5.43765741030767E-15,
1.));
#1301=DIRECTION('ref_axis',(0.915997373813158,0.401184260866995,-8.80743823420024E-17));
#1302=DIRECTION('center_axis',(-0.866025403784438,0.500000000000001,2.54856216667676E-15));
#1303=DIRECTION('ref_axis',(-0.500000000000001,-0.866025403784438,-1.6424971981969E-15));
#1304=DIRECTION('center_axis',(-0.866025403784439,0.5,2.65759636519647E-15));
#1305=DIRECTION('ref_axis',(-0.461939766255643,-0.800103145191267,0.382683432365086));
#1306=DIRECTION('',(-0.866025403784439,0.5,2.65759636519647E-15));
#1307=DIRECTION('center_axis',(-2.22044604925031E-16,1.,5.31519273039293E-15));
#1308=DIRECTION('ref_axis',(-1.,-2.22044604925031E-16,-4.62592926927149E-17));
#1309=DIRECTION('',(0.866025403784439,-0.5,-2.61834405372937E-15));
#1310=DIRECTION('center_axis',(0.5,0.866025403784439,4.70914945440315E-15));
#1311=DIRECTION('ref_axis',(-0.866025403784439,0.5,2.71882870515384E-15));
#1312=DIRECTION('',(1.18275058810128E-30,-5.43765741030767E-15,1.));
#1313=DIRECTION('',(-0.866025403784439,0.5,2.71882870515384E-15));
#1314=DIRECTION('',(-1.18275058810128E-30,5.43765741030767E-15,-1.));
#1315=DIRECTION('',(0.866025403784439,-0.5,-2.71882870515384E-15));
#1316=DIRECTION('',(2.82552880529652E-17,-5.45397060847108E-15,1.));
#1317=DIRECTION('center_axis',(1.18275058810128E-30,-5.43765741030767E-15,
1.));
#1318=DIRECTION('ref_axis',(0.866025403784438,0.500000000000001,2.71882870515384E-15));
#1319=DIRECTION('',(-1.18275058810128E-30,5.43765741030767E-15,-1.));
#1320=DIRECTION('center_axis',(1.18275058810128E-30,-5.43765741030767E-15,
1.));
#1321=DIRECTION('ref_axis',(0.866025403784438,0.500000000000001,2.71882870515384E-15));
#1322=DIRECTION('center_axis',(1.,1.66533453693773E-16,-2.76563540014007E-31));
#1323=DIRECTION('ref_axis',(-1.66533453693773E-16,1.,5.43765741030767E-15));
#1324=DIRECTION('',(1.18275058810128E-30,-5.43765741030767E-15,1.));
#1325=DIRECTION('',(-1.66533453693773E-16,1.,5.43765741030767E-15));
#1326=DIRECTION('center_axis',(1.18275058810128E-30,-5.43765741030767E-15,
1.));
#1327=DIRECTION('ref_axis',(0.866025403784438,-0.500000000000001,-2.71882870515384E-15));
#1328=DIRECTION('',(-1.18275058810128E-30,5.43765741030767E-15,-1.));
#1329=DIRECTION('center_axis',(1.18275058810128E-30,-5.43765741030767E-15,
1.));
#1330=DIRECTION('ref_axis',(0.866025403784438,-0.500000000000001,-2.71882870515384E-15));
#1331=DIRECTION('center_axis',(0.5,-0.866025403784439,-4.70914945440315E-15));
#1332=DIRECTION('ref_axis',(0.866025403784439,0.5,2.71882870515383E-15));
#1333=DIRECTION('',(-0.866025403784439,-0.5,-2.71882870515383E-15));
#1334=DIRECTION('',(1.18275058810128E-30,-5.43765741030767E-15,1.));
#1335=DIRECTION('',(0.866025403784439,0.5,2.71882870515383E-15));
#1336=DIRECTION('center_axis',(1.13090606334418E-30,-5.31519273039293E-15,
1.));
#1337=DIRECTION('ref_axis',(0.866025403784438,-0.500000000000001,-2.66099816186077E-15));
#1338=DIRECTION('',(0.707106781186542,-4.43551119578168E-15,0.707106781186553));
#1339=DIRECTION('center_axis',(-1.0076465469034E-30,5.31519273039293E-15,
-1.));
#1340=DIRECTION('ref_axis',(0.866025403784438,-0.500000000000001,-2.65759636519647E-15));
#1341=DIRECTION('',(-0.479490816457055,0.519700449233347,-0.70710678118655));
#1342=DIRECTION('center_axis',(0.707106781186547,3.87616575737557E-15,-0.707106781186548));
#1343=DIRECTION('ref_axis',(2.22044604925031E-16,-1.,-5.25968157916167E-15));
#1344=DIRECTION('',(0.707106781186548,-3.69953035577364E-15,0.707106781186547));
#1345=DIRECTION('',(1.66533453693773E-16,-1.,-5.31519273039293E-15));
#1346=DIRECTION('center_axis',(-0.707106781186547,-3.87616575737557E-15,
0.707106781186548));
#1347=DIRECTION('ref_axis',(-0.707106781186548,3.60139957710591E-15,-0.707106781186547));
#1348=DIRECTION('center_axis',(-0.707106781186547,-3.87616575737557E-15,
0.707106781186548));
#1349=DIRECTION('ref_axis',(-0.707106781186548,3.60139957710591E-15,-0.707106781186547));
#1350=DIRECTION('',(1.66533453693773E-16,-1.,-5.31519273039293E-15));
#1351=DIRECTION('center_axis',(1.13090606334418E-30,-5.31519273039293E-15,
1.));
#1352=DIRECTION('ref_axis',(0.866025403784438,0.5,2.66099816186077E-15));
#1353=DIRECTION('',(0.479490789585788,0.519700474025554,0.707106781186555));
#1354=DIRECTION('center_axis',(-1.0076465469034E-30,5.31519273039293E-15,
-1.));
#1355=DIRECTION('ref_axis',(0.866025403784438,0.5,2.65759636519647E-15));
#1356=DIRECTION('',(-0.353553390593273,0.612372435695799,-0.707106781186544));
#1357=DIRECTION('center_axis',(0.353553390593273,-0.612372435695791,-0.707106781186551));
#1358=DIRECTION('ref_axis',(1.67849944170064E-16,-0.755928946018458,0.654653670707973));
#1359=DIRECTION('',(0.353553390593274,0.612372435695791,0.707106781186551));
#1360=DIRECTION('center_axis',(0.353553390593274,0.612372435695798,-0.707106781186544));
#1361=DIRECTION('ref_axis',(1.67849944170062E-16,-0.755928946018451,-0.654653670707981));
#1362=DIRECTION('',(0.894427190999916,-2.17842371947448E-15,0.447213595499958));
#1363=DIRECTION('center_axis',(1.0076465469034E-30,-5.31519273039293E-15,
1.));
#1364=DIRECTION('ref_axis',(2.22044604925031E-16,-1.,-5.31519273039293E-15));
#1365=DIRECTION('',(1.,2.22044604925031E-16,1.72563323017097E-31));
#1366=DIRECTION('center_axis',(1.0076465469034E-30,-5.31519273039293E-15,
1.));
#1367=DIRECTION('ref_axis',(0.707106781186547,0.707106781186548,3.75840882297429E-15));
#1368=DIRECTION('',(2.22044604925031E-16,-1.,-5.31519273039293E-15));
#1369=DIRECTION('center_axis',(1.0076465469034E-30,-5.31519273039293E-15,
1.));
#1370=DIRECTION('ref_axis',(0.707106781186548,-0.707106781186547,-3.75840882297429E-15));
#1371=DIRECTION('center_axis',(1.0076465469034E-30,-5.31519273039293E-15,
1.));
#1372=DIRECTION('ref_axis',(2.22044604925031E-16,-1.,-5.31519273039293E-15));
#1373=DIRECTION('center_axis',(1.0076465469034E-30,-5.31519273039293E-15,
1.));
#1374=DIRECTION('ref_axis',(0.707106781186548,-0.707106781186547,-3.75840882297429E-15));
#1375=DIRECTION('',(1.0076465469034E-30,-5.31519273039293E-15,1.));
#1376=DIRECTION('center_axis',(1.,2.22044604925031E-16,1.72563323017096E-31));
#1377=DIRECTION('ref_axis',(-2.22044604925031E-16,1.,5.31519273039293E-15));
#1378=DIRECTION('',(-1.0076465469034E-30,5.31519273039293E-15,-1.));
#1379=DIRECTION('center_axis',(1.0076465469034E-30,-5.31519273039293E-15,
1.));
#1380=DIRECTION('ref_axis',(0.707106781186547,0.707106781186548,3.75840882297429E-15));
#1381=DIRECTION('',(1.0076465469034E-30,-5.31519273039293E-15,1.));
#1382=DIRECTION('center_axis',(-2.22044604925031E-16,1.,5.31519273039293E-15));
#1383=DIRECTION('ref_axis',(-1.,-2.22044604925031E-16,-1.72563323017097E-31));
#1384=DIRECTION('',(1.,2.22044604925031E-16,2.46519032881566E-32));
#1385=DIRECTION('',(-1.18275058810128E-30,5.43765741030767E-15,-1.));
#1386=DIRECTION('',(1.,2.22044604925031E-16,1.72563323017097E-31));
#1387=DIRECTION('',(-1.0076465469034E-30,5.31519273039293E-15,-1.));
#1388=DIRECTION('center_axis',(1.0076465469034E-30,-5.31519273039293E-15,
1.));
#1389=DIRECTION('ref_axis',(-0.707106781186547,-0.707106781186548,-3.75840882297429E-15));
#1390=DIRECTION('',(-1.0076465469034E-30,5.31519273039293E-15,-1.));
#1391=DIRECTION('center_axis',(1.0076465469034E-30,-5.31519273039293E-15,
1.));
#1392=DIRECTION('ref_axis',(-0.707106781186547,-0.707106781186548,-3.75840882297429E-15));
#1393=DIRECTION('center_axis',(1.0076465469034E-30,-5.31519273039293E-15,
1.));
#1394=DIRECTION('ref_axis',(2.22044604925031E-16,-1.,-5.31519273039293E-15));
#1395=DIRECTION('',(-2.22044604925031E-16,1.,5.31519273039293E-15));
#1396=DIRECTION('center_axis',(1.0076465469034E-30,-5.31519273039293E-15,
1.));
#1397=DIRECTION('ref_axis',(-0.707106781186548,0.707106781186547,3.75840882297429E-15));
#1398=DIRECTION('center_axis',(-1.18275058810128E-30,5.43765741030767E-15,
-1.));
#1399=DIRECTION('ref_axis',(-5.41233724504768E-16,-1.,-5.43765741030767E-15));
#1400=DIRECTION('center_axis',(1.18275058810128E-30,-5.43765741030767E-15,
1.));
#1401=DIRECTION('ref_axis',(0.866025403784438,0.5,2.71882870515383E-15));
#1402=DIRECTION('center_axis',(-1.18275058810128E-30,5.43765741030767E-15,
-1.));
#1403=DIRECTION('ref_axis',(-1.67921232474555E-15,1.,5.43765741030767E-15));
#1404=DIRECTION('center_axis',(1.0076465469034E-30,-5.31519273039293E-15,
1.));
#1405=DIRECTION('ref_axis',(-2.22044604925031E-16,1.,5.31519273039293E-15));
#1406=DIRECTION('center_axis',(-1.,-2.22044604925031E-16,-1.72563323017096E-31));
#1407=DIRECTION('ref_axis',(2.22044604925031E-16,-1.,-5.31519273039293E-15));
#1408=DIRECTION('',(1.0076465469034E-30,-5.31519273039293E-15,1.));
#1409=DIRECTION('center_axis',(1.0076465469034E-30,-5.31519273039293E-15,
1.));
#1410=DIRECTION('ref_axis',(-0.707106781186548,0.707106781186547,3.75840882297429E-15));
#1411=DIRECTION('center_axis',(-1.13090606334418E-30,5.31519273039293E-15,
-1.));
#1412=DIRECTION('ref_axis',(2.22044604925031E-16,-1.,-5.31519273039293E-15));
#1413=DIRECTION('',(-1.13090606334418E-30,5.31519273039293E-15,-1.));
#1414=DIRECTION('center_axis',(1.13090606334418E-30,-5.31519273039293E-15,
1.));
#1415=DIRECTION('ref_axis',(-2.22044604925031E-16,1.,5.31519273039293E-15));
#1416=DIRECTION('',(1.13090606334418E-30,-5.31519273039293E-15,1.));
#1417=DIRECTION('center_axis',(1.18275058810128E-30,-5.43765741030767E-15,
1.));
#1418=DIRECTION('ref_axis',(-5.41233724504768E-16,-1.,-5.43765741030767E-15));
#1419=DIRECTION('center_axis',(-1.18275058810128E-30,5.43765741030767E-15,
-1.));
#1420=DIRECTION('ref_axis',(-5.41233724504768E-16,-1.,-5.43765741030767E-15));
#1421=DIRECTION('',(1.18275058810128E-30,-5.43765741030767E-15,1.));
#1422=DIRECTION('center_axis',(1.18275058810128E-30,-5.43765741030767E-15,
1.));
#1423=DIRECTION('ref_axis',(-0.866025403784438,-0.5,-2.71882870515383E-15));
#1424=DIRECTION('',(0.866025403784439,0.5,2.71882870515383E-15));
#1425=DIRECTION('center_axis',(1.18275058810128E-30,-5.43765741030767E-15,
1.));
#1426=DIRECTION('ref_axis',(0.866025403784438,0.5,2.71882870515383E-15));
#1427=DIRECTION('center_axis',(1.18275058810128E-30,-5.43765741030767E-15,
1.));
#1428=DIRECTION('ref_axis',(-0.866025403784438,-0.5,-2.71882870515383E-15));
#1429=DIRECTION('center_axis',(-1.18275058810128E-30,5.43765741030767E-15,
-1.));
#1430=DIRECTION('ref_axis',(-1.67921232474555E-15,1.,5.43765741030767E-15));
#1431=DIRECTION('center_axis',(1.18275058810128E-30,-5.43765741030767E-15,
1.));
#1432=DIRECTION('ref_axis',(0.866025403784438,0.5,2.71882870515383E-15));
#1433=DIRECTION('',(-0.866025403784438,0.5,2.71882870515384E-15));
#1434=DIRECTION('center_axis',(-1.18275058810128E-30,5.43765741030767E-15,
-1.));
#1435=DIRECTION('ref_axis',(-0.866025403784438,-0.5,-2.71882870515384E-15));
#1436=DIRECTION('center_axis',(1.18275058810128E-30,-5.43765741030767E-15,
1.));
#1437=DIRECTION('ref_axis',(-0.866025403784439,-0.5,-2.71882870515384E-15));
#1438=DIRECTION('',(0.612372435695795,0.353553390593278,-0.707106781186545));
#1439=DIRECTION('center_axis',(-1.18275058810128E-30,5.43765741030767E-15,
-1.));
#1440=DIRECTION('ref_axis',(-0.866025403784439,-0.5,-2.71882870515384E-15));
#1441=DIRECTION('center_axis',(1.18275058810128E-30,-5.43765741030767E-15,
1.));
#1442=DIRECTION('ref_axis',(-0.866025403784438,-0.5,-2.71882870515383E-15));
#1443=DIRECTION('center_axis',(1.18275058810128E-30,-5.43765741030767E-15,
1.));
#1444=DIRECTION('ref_axis',(0.866025403784438,0.5,2.71882870515383E-15));
#1445=DIRECTION('',(0.866025403784439,0.5,2.71882870515383E-15));
#1446=DIRECTION('',(-0.866025403784438,0.5,2.71882870515384E-15));
#1447=DIRECTION('center_axis',(1.18275058810128E-30,-5.43765741030767E-15,
1.));
#1448=DIRECTION('ref_axis',(-0.866025403784439,-0.5,-2.71882870515384E-15));
#1449=DIRECTION('center_axis',(1.18275058810128E-30,-5.43765741030767E-15,
1.));
#1450=DIRECTION('ref_axis',(-0.866025403784439,-0.5,-2.71882870515384E-15));
#1451=DIRECTION('',(-1.18275058810128E-30,5.43765741030767E-15,-1.));
#1452=DIRECTION('center_axis',(-1.18275058810128E-30,5.43765741030767E-15,
-1.));
#1453=DIRECTION('ref_axis',(0.866025403784438,0.5,2.71882870515383E-15));
#1454=DIRECTION('',(1.18275058810128E-30,-5.43765741030767E-15,1.));
#1455=DIRECTION('',(-1.18275058810128E-30,5.43765741030767E-15,-1.));
#1456=DIRECTION('',(-1.18275058810128E-30,5.43765741030767E-15,-1.));
#1457=DIRECTION('center_axis',(-0.5,-0.866025403784438,-4.70914945440314E-15));
#1458=DIRECTION('ref_axis',(-0.866025403784438,0.5,2.71882870515384E-15));
#1459=DIRECTION('center_axis',(-0.5,0.866025403784439,4.70914945440315E-15));
#1460=DIRECTION('ref_axis',(0.866025403784439,0.5,2.71882870515383E-15));
#1461=DIRECTION('center_axis',(1.18275058810128E-30,-5.43765741030767E-15,
1.));
#1462=DIRECTION('ref_axis',(0.866025403784438,0.5,2.71882870515383E-15));
#1463=DIRECTION('center_axis',(-1.18275058810128E-30,5.43765741030767E-15,
-1.));
#1464=DIRECTION('ref_axis',(-1.67921232474555E-15,1.,5.43765741030767E-15));
#1465=CARTESIAN_POINT('',(0.,0.,0.));
#1466=CARTESIAN_POINT('Origin',(-3.1415416228505,-4.99999992549446,27.7999985694886));
#1467=CARTESIAN_POINT('',(3.1415416228508,0.361546998185602,27.7999985694886));
#1468=CARTESIAN_POINT('',(-2.2963050993691,-2.1741625722586,27.7999985694886));
#1469=CARTESIAN_POINT('',(-0.465697010667689,-1.32053600141664,27.7999985694886));
#1470=CARTESIAN_POINT('',(3.1415416228508,-4.99999992549446,27.7999985694886));
#1471=CARTESIAN_POINT('',(3.1415416228508,-4.99999992549446,27.7999985694886));
#1472=CARTESIAN_POINT('',(-3.1415416228505,-4.99999992549446,27.7999985694886));
#1473=CARTESIAN_POINT('',(-6.57077081142518,-4.99999992549449,27.7999985694886));
#1474=CARTESIAN_POINT('',(-3.1415416228505,-0.361546998185296,27.7999985694886));
#1475=CARTESIAN_POINT('',(-3.1415416228505,-4.99999992549446,27.7999985694886));
#1476=CARTESIAN_POINT('',(-1.83060808870127,-3.17285303449638,27.7999985694886));
#1477=CARTESIAN_POINT('Origin',(-3.1415416228505,-4.99999992549446,27.7999985694886));
#1478=CARTESIAN_POINT('',(2.2963050993694,2.1741625722589,27.7999985694886));
#1479=CARTESIAN_POINT('',(3.18462037177793,0.269164322984464,27.7999985694886));
#1480=CARTESIAN_POINT('',(-4.02985689525904,-0.77577521256544,27.7999985694886));
#1481=CARTESIAN_POINT('',(-3.1415416228505,3.00000007450554,27.7999985694886));
#1482=CARTESIAN_POINT('',(-3.1415416228505,-4.99999992549446,27.7999985694886));
#1483=CARTESIAN_POINT('',(3.1415416228508,3.00000007450554,27.7999985694886));
#1484=CARTESIAN_POINT('',(3.1415416228508,3.00000007450554,27.7999985694886));
#1485=CARTESIAN_POINT('',(3.1415416228508,-4.99999992549446,27.7999985694886));
#1486=CARTESIAN_POINT('Origin',(-3.1415416228505,-0.361546998185296,30.2999985694886));
#1487=CARTESIAN_POINT('',(2.2963050993694,2.17416257225889,31.7999985694886));
#1488=CARTESIAN_POINT('',(2.2963050993694,2.1741625722589,30.2999985694886));
#1489=CARTESIAN_POINT('',(-3.1415416228505,-0.361546998185312,31.7999985694886));
#1490=CARTESIAN_POINT('',(-3.1415416228505,-0.361546998185159,31.7999985694886));
#1491=CARTESIAN_POINT('',(-3.1415416228505,-0.361546998185296,30.2999985694886));
#1492=CARTESIAN_POINT('Origin',(2.2963050993694,2.1741625722589,30.2999985694886));
#1493=CARTESIAN_POINT('',(3.1415416228508,0.361546998185586,31.7999985694886));
#1494=CARTESIAN_POINT('',(3.1415416228508,0.361546998185601,28.7999985694885));
#1495=CARTESIAN_POINT('',(2.50761421597114,1.72100870933968,31.7999985694886));
#1496=CARTESIAN_POINT('Origin',(-9.99999999999985,-4.99999992549448,25.7999985694885));
#1497=CARTESIAN_POINT('',(7.00000000000015,-4.99999992549451,31.7999985694885));
#1498=CARTESIAN_POINT('',(7.00000000000015,-4.99999992549448,25.7999985694885));
#1499=CARTESIAN_POINT('',(7.00000000000015,-4.99999992549448,25.7999985694885));
#1500=CARTESIAN_POINT('',(-6.99999999999985,-4.99999992549451,31.7999985694885));
#1501=CARTESIAN_POINT('',(10.0000000000001,-4.99999992549451,31.7999985694885));
#1502=CARTESIAN_POINT('',(-6.99999999999985,-4.99999992549448,25.7999985694885));
#1503=CARTESIAN_POINT('',(-6.99999999999985,-4.99999992549448,25.7999985694885));
#1504=CARTESIAN_POINT('',(-6.5660784197078,-4.99999992549448,25.7999985694885));
#1505=CARTESIAN_POINT('',(10.0000000000001,-4.99999992549448,25.7999985694885));
#1506=CARTESIAN_POINT('',(-6.5660784197078,-4.99999992549439,9.79999856948852));
#1507=CARTESIAN_POINT('',(-6.5660784197078,-4.99999992549448,25.7999985694885));
#1508=CARTESIAN_POINT('',(-1.66025390879666,-4.99999992549439,9.79999856948851));
#1509=CARTESIAN_POINT('',(-3.28303920985382,-4.99999992549439,9.79999856948852));
#1510=CARTESIAN_POINT('',(-1.66025390879666,-4.99999992549445,20.5573578823692));
#1511=CARTESIAN_POINT('',(-1.66025390879666,-4.99999992549444,18.7999985694885));
#1512=CARTESIAN_POINT('',(0.0971054040840632,-4.99999992549446,22.6786782259289));
#1513=CARTESIAN_POINT('Origin',(4.33974609120335,-4.99999992549445,20.5573578823692));
#1514=CARTESIAN_POINT('',(5.05341796959908,-4.99999992549447,25.1568345086864));
#1515=CARTESIAN_POINT('',(-2.38205077530684,-4.99999992549446,21.4391001362334));
#1516=CARTESIAN_POINT('',(6.13193526658456,-4.99999992549448,25.7999985694885));
#1517=CARTESIAN_POINT('Ctrl Pts',(6.13193526658456,-4.99999992549448,25.7999985694885));
#1518=CARTESIAN_POINT('Ctrl Pts',(5.7564333862648,-4.99999992549448,25.5453698373562));
#1519=CARTESIAN_POINT('Ctrl Pts',(5.39900313203269,-4.99999992549448,25.3296270899032));
#1520=CARTESIAN_POINT('Ctrl Pts',(5.05341796959907,-4.99999992549447,25.1568345086864));
#1521=CARTESIAN_POINT('',(10.0000000000001,-4.99999992549448,25.7999985694885));
#1522=CARTESIAN_POINT('',(-3.14154162285049,-4.99999992549446,25.7999985694886));
#1523=CARTESIAN_POINT('',(-3.14154162285049,-4.99999992549448,25.7999985694886));
#1524=CARTESIAN_POINT('',(3.14154162285079,-4.99999992549446,25.7999985694886));
#1525=CARTESIAN_POINT('',(3.1415416228508,-4.99999992549448,26.2999985694885));
#1526=CARTESIAN_POINT('',(-3.42922918857453,-4.99999992549448,25.7999985694886));
#1527=CARTESIAN_POINT('Origin',(-3.14154162285049,-4.99999992549446,25.7999985694886));
#1528=CARTESIAN_POINT('',(-3.14154162285049,3.00000007450554,25.7999985694886));
#1529=CARTESIAN_POINT('',(-3.14154162285049,-4.99999992549446,25.7999985694886));
#1530=CARTESIAN_POINT('',(-3.1415416228505,3.00000007450554,26.7999985694886));
#1531=CARTESIAN_POINT('Origin',(3.14154162285079,-4.99999992549445,25.7999985694886));
#1532=CARTESIAN_POINT('',(3.14154162285079,3.00000007450554,25.7999985694886));
#1533=CARTESIAN_POINT('',(3.14154162285079,-4.99999992549446,25.7999985694886));
#1534=CARTESIAN_POINT('',(-2.29630509936911,3.00000007450554,25.7999985694886));
#1535=CARTESIAN_POINT('',(-0.590664648435265,-1.3788093679291,25.7999985694886));
#1536=CARTESIAN_POINT('',(1.43590117191666,-0.433806206143832,25.7999985694886));
#1537=CARTESIAN_POINT('',(2.11474581599913,-0.117255749910773,25.7999985694886));
#1538=CARTESIAN_POINT('',(-1.29903810567651,-0.750000000000138,25.7999985694887));
#1539=CARTESIAN_POINT('Origin',(1.4790746834892E-13,-1.37131964840694E-13,
25.7999985694887));
#1540=CARTESIAN_POINT('',(-1.43590117191609,0.433806206144465,25.7999985694886));
#1541=CARTESIAN_POINT('Origin',(1.4790746834892E-13,-1.37131964840694E-13,
25.7999985694887));
#1542=CARTESIAN_POINT('',(0.590664648434689,1.3788093679292,25.7999985694886));
#1543=CARTESIAN_POINT('',(-1.44941406859222,0.427505038940428,25.7999985694886));
#1544=CARTESIAN_POINT('Origin',(1.4790746834892E-13,-1.37131964840694E-13,
25.7999985694887));
#1545=CARTESIAN_POINT('Origin',(3.1415416228508,-4.99999992549446,26.7999985694886));
#1546=CARTESIAN_POINT('',(3.1415416228508,3.00000007450554,26.7999985694886));
#1547=CARTESIAN_POINT('Origin',(1.45994327738208E-13,3.00000007450554,26.2999985694886));
#1548=CARTESIAN_POINT('Origin',(3.1415416228508,0.361546998185601,30.2999985694886));
#1549=CARTESIAN_POINT('',(-2.2963050993691,-2.17416257225861,31.7999985694885));
#1550=CARTESIAN_POINT('',(-2.2963050993691,-2.1741625722586,30.2999985694886));
#1551=CARTESIAN_POINT('',(3.1415416228508,0.361546998185739,31.7999985694886));
#1552=CARTESIAN_POINT('Origin',(-3.1415416228505,-0.361546998185296,30.2999985694886));
#1553=CARTESIAN_POINT('',(-1.43590117191612,0.433806206144352,21.7999985694886));
#1554=CARTESIAN_POINT('',(-1.43590117191609,0.433806206144519,15.8999985694885));
#1555=CARTESIAN_POINT('',(0.590664648434788,1.37880936792915,21.7999985694886));
#1556=CARTESIAN_POINT('',(-3.1415416228505,-0.361546998185143,21.7999985694886));
#1557=CARTESIAN_POINT('',(0.590664648434689,1.37880936792925,15.8999985694885));
#1558=CARTESIAN_POINT('Origin',(1.47907468332377E-13,7.45054891635452E-8,
31.7999985694886));
#1559=CARTESIAN_POINT('',(10.0000000000001,-1.99999992549451,31.7999985694885));
#1560=CARTESIAN_POINT('Origin',(7.00000000000015,-1.99999992549451,31.7999985694885));
#1561=CARTESIAN_POINT('',(10.0000000000001,2.00000007450549,31.7999985694886));
#1562=CARTESIAN_POINT('',(10.0000000000001,5.00000007450549,31.7999985694886));
#1563=CARTESIAN_POINT('',(7.00000000000014,5.00000007450549,31.7999985694886));
#1564=CARTESIAN_POINT('Origin',(7.00000000000015,2.00000007450549,31.7999985694886));
#1565=CARTESIAN_POINT('',(-6.99999999999985,5.00000007450549,31.7999985694886));
#1566=CARTESIAN_POINT('',(-9.99999999999985,5.00000007450549,31.7999985694886));
#1567=CARTESIAN_POINT('',(-9.99999999999985,2.00000007450549,31.7999985694886));
#1568=CARTESIAN_POINT('Origin',(-6.99999999999985,2.00000007450549,31.7999985694886));
#1569=CARTESIAN_POINT('',(-9.99999999999985,-1.99999992549451,31.7999985694885));
#1570=CARTESIAN_POINT('',(-9.99999999999985,-4.99999992549451,31.7999985694885));
#1571=CARTESIAN_POINT('Origin',(-6.99999999999985,-1.99999992549451,31.7999985694885));
#1572=CARTESIAN_POINT('',(-6.74999999999985,-1.49999996274734,31.7999985694885));
#1573=CARTESIAN_POINT('Origin',(-6.74999999999985,3.72526596201792E-8,31.7999985694886));
#1574=CARTESIAN_POINT('',(6.75000000000015,1.50000003725266,31.7999985694886));
#1575=CARTESIAN_POINT('Origin',(6.75000000000015,3.72526631728929E-8,31.7999985694886));
#1576=CARTESIAN_POINT('',(-2.50761424450806,-1.72100864814117,31.7999985694885));
#1577=CARTESIAN_POINT('Origin',(0.42261826174073,-0.966903103071896,21.7999985694886));
#1578=CARTESIAN_POINT('',(-0.590664648435166,-1.37880936792915,21.7999985694886));
#1579=CARTESIAN_POINT('',(1.43590117191663,-0.433806206143946,21.7999985694886));
#1580=CARTESIAN_POINT('Origin',(1.4790746834892E-13,-1.15381335199463E-13,
21.7999985694886));
#1581=CARTESIAN_POINT('',(3.1415416228508,0.361546998185755,21.7999985694886));
#1582=CARTESIAN_POINT('Origin',(-0.422618261740669,0.966903103072253,21.7999985694886));
#1583=CARTESIAN_POINT('Origin',(1.4790746834892E-13,-1.15381335199463E-13,
21.7999985694885));
#1584=CARTESIAN_POINT('Origin',(3.1415416228508,0.361546998185601,30.2999985694886));
#1585=CARTESIAN_POINT('',(1.43590117191666,-0.433806206143778,15.8999985694885));
#1586=CARTESIAN_POINT('',(-0.590664648435265,-1.37880936792905,15.8999985694885));
#1587=CARTESIAN_POINT('Origin',(-2.2963050993691,-2.1741625722586,30.2999985694886));
#1588=CARTESIAN_POINT('Origin',(1.4790746834892E-13,-8.32991564786478E-14,
15.8999985694885));
#1589=CARTESIAN_POINT('',(-1.29903810567651,-0.750000000000084,15.8499985694885));
#1590=CARTESIAN_POINT('',(-1.29903810567651,-0.750000000000084,15.8999985694885));
#1591=CARTESIAN_POINT('Origin',(1.4790746834892E-13,-8.30272736081324E-14,
15.8499985694885));
#1592=CARTESIAN_POINT('Origin',(1.93750000806562,-6.38693734825374,20.5573578823692));
#1593=CARTESIAN_POINT('',(3.37500000000015,-2.0928947258125,20.5573578823692));
#1594=CARTESIAN_POINT('',(0.43750000806562,-3.78886113690042,20.5573578823692));
#1595=CARTESIAN_POINT('',(3.81433982822033,-2.85385363007845,22.6786782259289));
#1596=CARTESIAN_POINT('Origin',(4.87500000000015,-4.69097093716582,20.5573578823692));
#1597=CARTESIAN_POINT('',(0.876839836285799,-4.54982004116637,22.6786782259289));
#1598=CARTESIAN_POINT('Ctrl Pts',(3.81433982822033,-2.85385363007845,22.6786782259289));
#1599=CARTESIAN_POINT('Ctrl Pts',(3.88653503478487,-2.8121717081342,22.6786782259289));
#1600=CARTESIAN_POINT('Ctrl Pts',(3.95409069197591,-2.76246037803729,22.6786782259289));
#1601=CARTESIAN_POINT('Ctrl Pts',(4.01536040154647,-2.70593115411723,22.6786782259289));
#1602=CARTESIAN_POINT('Ctrl Pts',(3.53665964458543,-2.37289744376774,22.1233178586591));
#1603=CARTESIAN_POINT('Ctrl Pts',(3.5731378624997,-2.35183673483538,22.1233178586591));
#1604=CARTESIAN_POINT('Ctrl Pts',(3.60781132496532,-2.32632201097806,22.1233178586591));
#1605=CARTESIAN_POINT('Ctrl Pts',(3.63876919493515,-2.29775937577253,22.1233178586591));
#1606=CARTESIAN_POINT('Ctrl Pts',(3.37500000000015,-2.09289472581251,21.3427560457667));
#1607=CARTESIAN_POINT('Ctrl Pts',(3.39078708987011,-2.08378004522637,21.3427560457667));
#1608=CARTESIAN_POINT('Ctrl Pts',(3.4061276173005,-2.07249160463297,21.3427560457667));
#1609=CARTESIAN_POINT('Ctrl Pts',(3.41952560391688,-2.06013023078569,21.3427560457667));
#1610=CARTESIAN_POINT('Ctrl Pts',(3.37500000000015,-2.0928947258125,20.5573578823692));
#1611=CARTESIAN_POINT('Ctrl Pts',(3.39099107553501,-2.08366227404782,20.5573578823692));
#1612=CARTESIAN_POINT('Ctrl Pts',(3.40595450134104,-2.07265132647439,20.5573578823693));
#1613=CARTESIAN_POINT('Ctrl Pts',(3.41952560391688,-2.06013023078569,20.5573578823693));
#1614=CARTESIAN_POINT('',(3.41952560391688,-2.06013023078569,20.5573578823693));
#1615=CARTESIAN_POINT('',(4.01536040154647,-2.70593115411723,22.6786782259289));
#1616=CARTESIAN_POINT('Origin',(5.45383285091765,-4.26503250181726,20.5573578823692));
#1617=CARTESIAN_POINT('Ctrl Pts',(4.01536040154647,-2.70593115411723,22.6786782259289));
#1618=CARTESIAN_POINT('Ctrl Pts',(3.95409069197591,-2.76246037803729,22.6786782259289));
#1619=CARTESIAN_POINT('Ctrl Pts',(3.88653503478487,-2.8121717081342,22.6786782259289));
#1620=CARTESIAN_POINT('Ctrl Pts',(3.81433982822033,-2.85385363007845,22.6786782259289));
#1621=CARTESIAN_POINT('Ctrl Pts',(3.37500000000015,-2.0928947258125,20.5573578823692));
#1622=CARTESIAN_POINT('Ctrl Pts',(3.39099107553501,-2.08366227404782,20.5573578823692));
#1623=CARTESIAN_POINT('Ctrl Pts',(3.40595450134104,-2.07265132647439,20.5573578823693));
#1624=CARTESIAN_POINT('Ctrl Pts',(3.41952560391688,-2.06013023078569,20.5573578823693));
#1625=CARTESIAN_POINT('Origin',(3.25000000000015,-1.87638837486639,20.5573578823692));
#1626=CARTESIAN_POINT('',(3.50000000000015,-1.87638837486639,20.5573578823692));
#1627=CARTESIAN_POINT('',(4.37867965644049,-1.8763883748664,22.6786782259288));
#1628=CARTESIAN_POINT('Origin',(6.50000000000015,-1.87638837486639,20.5573578823692));
#1629=CARTESIAN_POINT('Origin',(3.25000000000015,-1.8763883748664,22.6786782259288));
#1630=CARTESIAN_POINT('Origin',(3.25000000000015,-1.87638837486639,20.5573578823692));
#1631=CARTESIAN_POINT('Origin',(6.50000000000015,-1.51554443799646,20.5573578823693));
#1632=CARTESIAN_POINT('',(3.50000000000015,1.87638837486618,20.5573578823693));
#1633=CARTESIAN_POINT('',(3.50000000000015,-1.51554443799646,20.5573578823693));
#1634=CARTESIAN_POINT('',(4.37867965644051,1.87638837486617,22.6786782259289));
#1635=CARTESIAN_POINT('Origin',(6.50000000000015,1.87638837486618,20.5573578823693));
#1636=CARTESIAN_POINT('',(4.37867965644051,-1.51554443799647,22.6786782259289));
#1637=CARTESIAN_POINT('Origin',(3.25000000000015,1.87638837486618,20.5573578823692));
#1638=CARTESIAN_POINT('',(3.41952559441645,2.06013023955084,20.5573578823692));
#1639=CARTESIAN_POINT('',(4.0153603586547,2.70593119369016,22.6786782259289));
#1640=CARTESIAN_POINT('Origin',(5.45383272741209,4.26503261576687,20.5573578823692));
#1641=CARTESIAN_POINT('Origin',(3.25000000000014,1.87638837486616,22.6786782259289));
#1642=CARTESIAN_POINT('Origin',(3.25000000000015,1.87638837486618,20.5573578823692));
#1643=CARTESIAN_POINT('Ctrl Pts',(4.01536035865471,2.70593119369018,22.6786782259289));
#1644=CARTESIAN_POINT('Ctrl Pts',(3.95409066045853,2.76246040125123,22.6786782259289));
#1645=CARTESIAN_POINT('Ctrl Pts',(3.88653501793819,2.8121717178604,22.6786782259289));
#1646=CARTESIAN_POINT('Ctrl Pts',(3.81433982822033,2.85385363007821,22.6786782259289));
#1647=CARTESIAN_POINT('Ctrl Pts',(3.63876917314803,2.29775939587372,22.1233178586591));
#1648=CARTESIAN_POINT('Ctrl Pts',(3.60781130892546,2.32632202281341,22.1233178586591));
#1649=CARTESIAN_POINT('Ctrl Pts',(3.57313785398769,2.35183673974956,22.1233178586591));
#1650=CARTESIAN_POINT('Ctrl Pts',(3.53665964458543,2.37289744376751,22.1233178586591));
#1651=CARTESIAN_POINT('Ctrl Pts',(3.41952559441645,2.06013023955084,21.3427560457667));
#1652=CARTESIAN_POINT('Ctrl Pts',(3.40612761028752,2.07249160982068,21.3427560457667));
#1653=CARTESIAN_POINT('Ctrl Pts',(3.39078708618649,2.08378004735288,21.3427560457667));
#1654=CARTESIAN_POINT('Ctrl Pts',(3.37500000000015,2.09289472581228,21.3427560457667));
#1655=CARTESIAN_POINT('Ctrl Pts',(3.41952559441645,2.06013023955085,20.5573578823693));
#1656=CARTESIAN_POINT('Ctrl Pts',(3.40595449436027,2.07265133161583,20.5573578823693));
#1657=CARTESIAN_POINT('Ctrl Pts',(3.39099107180389,2.08366227620176,20.5573578823693));
#1658=CARTESIAN_POINT('Ctrl Pts',(3.37500000000015,2.09289472581229,20.5573578823693));
#1659=CARTESIAN_POINT('',(3.37500000000015,2.09289472581229,20.5573578823693));
#1660=CARTESIAN_POINT('',(3.81433982822033,2.85385363007821,22.6786782259289));
#1661=CARTESIAN_POINT('Origin',(4.87500000000015,4.6909709371656,20.5573578823693));
#1662=CARTESIAN_POINT('Ctrl Pts',(3.81433982822033,2.85385363007821,22.6786782259289));
#1663=CARTESIAN_POINT('Ctrl Pts',(3.88653501793819,2.8121717178604,22.6786782259289));
#1664=CARTESIAN_POINT('Ctrl Pts',(3.95409066045853,2.76246040125123,22.6786782259289));
#1665=CARTESIAN_POINT('Ctrl Pts',(4.01536035865471,2.70593119369018,22.6786782259289));
#1666=CARTESIAN_POINT('Ctrl Pts',(3.41952559441645,2.06013023955085,20.5573578823693));
#1667=CARTESIAN_POINT('Ctrl Pts',(3.40595449436027,2.07265133161583,20.5573578823693));
#1668=CARTESIAN_POINT('Ctrl Pts',(3.39099107180389,2.08366227620176,20.5573578823693));
#1669=CARTESIAN_POINT('Ctrl Pts',(3.37500000000015,2.09289472581229,20.5573578823693));
#1670=CARTESIAN_POINT('Origin',(4.56249999193467,4.87139290094396,20.5573578823693));
#1671=CARTESIAN_POINT('',(-1.66025416689182,5.00000007450555,20.5573578823693));
#1672=CARTESIAN_POINT('',(3.06249999193467,2.27331668959065,20.5573578823693));
#1673=CARTESIAN_POINT('',(0.0971051459888952,5.00000007450554,22.6786782259289));
#1674=CARTESIAN_POINT('Origin',(4.33974583310818,5.00000007450555,20.5573578823693));
#1675=CARTESIAN_POINT('',(3.50183982015485,3.03427559385657,22.6786782259289));
#1676=CARTESIAN_POINT('Origin',(3.50000000000015,2.02072594216363,11.7999985694886));
#1677=CARTESIAN_POINT('',(3.37500000000015,2.09289472581233,11.7999985694886));
#1678=CARTESIAN_POINT('',(3.37500000000015,2.09289472581233,11.7999985694886));
#1679=CARTESIAN_POINT('',(-0.249999999999851,4.18578945162473,11.7999985694886));
#1680=CARTESIAN_POINT('',(2.62500000000015,2.52590742770455,11.7999985694886));
#1681=CARTESIAN_POINT('',(-0.249999999999852,4.18578945162474,9.79999856948857));
#1682=CARTESIAN_POINT('',(-0.249999999999852,4.18578945162473,11.7999985694886));
#1683=CARTESIAN_POINT('',(-1.66025416689182,5.00000007450561,9.79999856948857));
#1684=CARTESIAN_POINT('',(3.50000000000015,2.02072594216364,9.79999856948855));
#1685=CARTESIAN_POINT('',(-1.66025416689182,5.00000007450556,18.7999985694886));
#1686=CARTESIAN_POINT('Origin',(3.25000000000015,1.87638837486622,11.7999985694886));
#1687=CARTESIAN_POINT('',(3.50000000000015,1.87638837486622,11.7999985694886));
#1688=CARTESIAN_POINT('',(3.50000000000015,1.87638837486622,11.7999985694886));
#1689=CARTESIAN_POINT('Origin',(3.25000000000015,1.87638837486622,11.7999985694886));
#1690=CARTESIAN_POINT('Origin',(3.50000000000015,-2.02072594216375,11.7999985694885));
#1691=CARTESIAN_POINT('',(3.50000000000015,-1.87638837486634,11.7999985694885));
#1692=CARTESIAN_POINT('',(3.50000000000015,-1.87638837486634,11.7999985694885));
#1693=CARTESIAN_POINT('',(3.50000000000015,-1.01036297108191,11.7999985694885));
#1694=CARTESIAN_POINT('Origin',(3.25000000000015,-1.87638837486634,11.7999985694885));
#1695=CARTESIAN_POINT('',(3.37500000000015,-2.09289472581245,11.7999985694885));
#1696=CARTESIAN_POINT('',(3.37500000000015,-2.09289472581245,11.7999985694885));
#1697=CARTESIAN_POINT('Origin',(3.25000000000015,-1.87638837486634,11.7999985694885));
#1698=CARTESIAN_POINT('Origin',(1.45196626105868E-13,-4.04145188432744,
11.7999985694885));
#1699=CARTESIAN_POINT('',(-0.249999999999855,-4.18578945162484,9.79999856948852));
#1700=CARTESIAN_POINT('',(1.45196626105868E-13,-4.04145188432743,9.79999856948852));
#1701=CARTESIAN_POINT('',(-0.249999999999855,-4.18578945162485,11.7999985694885));
#1702=CARTESIAN_POINT('',(-0.249999999999855,-4.18578945162485,11.7999985694885));
#1703=CARTESIAN_POINT('',(0.875000000000146,-3.53627039878652,11.7999985694885));
#1704=CARTESIAN_POINT('Origin',(3.25000000000015,-1.87638837486641,23.7999985694885));
#1705=CARTESIAN_POINT('',(7.50000000000015,-1.87638837486642,25.7999985694885));
#1706=CARTESIAN_POINT('',(3.50000000000015,-1.8763883748664,21.7999985694885));
#1707=CARTESIAN_POINT('Origin',(3.25000000000015,-1.87638837486642,25.7999985694885));
#1708=CARTESIAN_POINT('',(6.13193526658456,-4.99999992549448,25.7999985694885));
#1709=CARTESIAN_POINT('Origin',(5.50000000000015,-1.01036293382914,23.7999985694885));
#1710=CARTESIAN_POINT('',(7.50000000000015,1.87638837486615,25.7999985694886));
#1711=CARTESIAN_POINT('',(3.50000000000015,1.87638837486617,21.7999985694886));
#1712=CARTESIAN_POINT('',(7.50000000000015,1.29903814292935,25.7999985694886));
#1713=CARTESIAN_POINT('',(7.50000000000015,-1.01036293382915,25.7999985694885));
#1714=CARTESIAN_POINT('',(6.75000000000015,1.5000000372527,25.0499985694886));
#1715=CARTESIAN_POINT('Origin',(6.75000000000015,3.72526989255437E-8,25.0499985694885));
#1716=CARTESIAN_POINT('',(7.50000000000015,-1.29903806842396,25.7999985694885));
#1717=CARTESIAN_POINT('Origin',(6.75000000000015,3.72526989255437E-8,25.0499985694885));
#1718=CARTESIAN_POINT('',(7.50000000000015,-1.01036293382915,25.7999985694885));
#1719=CARTESIAN_POINT('Origin',(3.25000000000015,1.87638837486616,23.7999985694885));
#1720=CARTESIAN_POINT('',(6.13193510507729,5.00000007450552,25.7999985694886));
#1721=CARTESIAN_POINT('',(3.41952559441645,2.06013023955084,21.7999985694885));
#1722=CARTESIAN_POINT('Origin',(3.25000000000015,1.87638837486615,25.7999985694886));
#1723=CARTESIAN_POINT('Ctrl Pts',(5.37500000000012,-5.5569963409503,25.7999985694885));
#1724=CARTESIAN_POINT('Ctrl Pts',(5.64684836939227,-5.40004461170298,25.7999985694885));
#1725=CARTESIAN_POINT('Ctrl Pts',(5.90122645041141,-5.21285861898589,25.7999985694885));
#1726=CARTESIAN_POINT('Ctrl Pts',(6.13193526658457,-4.99999992549447,25.7999985694885));
#1727=CARTESIAN_POINT('Ctrl Pts',(4.85477994274019,-4.65594877065968,24.7595584549686));
#1728=CARTESIAN_POINT('Ctrl Pts',(5.06007726540706,-4.53742030615405,24.7595584549686));
#1729=CARTESIAN_POINT('Ctrl Pts',(5.25218119119164,-4.39605921124851,24.7595584549686));
#1730=CARTESIAN_POINT('Ctrl Pts',(5.42641031157187,-4.23531033503539,24.7595584549686));
#1731=CARTESIAN_POINT('Ctrl Pts',(4.33455988548026,-3.75490120036906,23.7191183404488));
#1732=CARTESIAN_POINT('Ctrl Pts',(4.47330616142186,-3.67479600060512,23.7191183404488));
#1733=CARTESIAN_POINT('Ctrl Pts',(4.60313593197186,-3.57925980351113,23.7191183404488));
#1734=CARTESIAN_POINT('Ctrl Pts',(4.72088535655917,-3.47062074457631,23.7191183404488));
#1735=CARTESIAN_POINT('Ctrl Pts',(3.81433982822032,-2.85385363007845,22.6786782259289));
#1736=CARTESIAN_POINT('Ctrl Pts',(3.88653505743665,-2.81217169505619,22.6786782259289));
#1737=CARTESIAN_POINT('Ctrl Pts',(3.95409067275209,-2.76246039577375,22.6786782259289));
#1738=CARTESIAN_POINT('Ctrl Pts',(4.01536040154646,-2.70593115411723,22.6786782259289));
#1739=CARTESIAN_POINT('',(5.37500000000014,-5.55699634095029,25.7999985694885));
#1740=CARTESIAN_POINT('Origin',(1.87500001613109,-5.26832119704225,23.7999985694885));
#1741=CARTESIAN_POINT('Ctrl Pts',(6.13193510507729,5.00000007450553,25.7999985694886));
#1742=CARTESIAN_POINT('Ctrl Pts',(5.90122633171238,5.21285870641754,25.7999985694886));
#1743=CARTESIAN_POINT('Ctrl Pts',(5.64684830590901,5.4000446483623,25.7999985694886));
#1744=CARTESIAN_POINT('Ctrl Pts',(5.37499999992382,5.55699634099408,25.7999985694886));
#1745=CARTESIAN_POINT('Ctrl Pts',(5.42641018960309,4.23531044756707,24.7595584549687));
#1746=CARTESIAN_POINT('Ctrl Pts',(5.25218110155124,4.396059277276,24.7595584549687));
#1747=CARTESIAN_POINT('Ctrl Pts',(5.0600772174651,4.53742033383876,24.7595584549687));
#1748=CARTESIAN_POINT('Ctrl Pts',(4.85477994268256,4.65594877069268,24.7595584549687));
#1749=CARTESIAN_POINT('Ctrl Pts',(4.72088527412888,3.47062082062861,23.7191183404488));
#1750=CARTESIAN_POINT('Ctrl Pts',(4.6031358713901,3.57925984813447,23.7191183404488));
#1751=CARTESIAN_POINT('Ctrl Pts',(4.47330612902118,3.67479601931522,23.7191183404488));
#1752=CARTESIAN_POINT('Ctrl Pts',(4.3345598854413,3.75490120039128,23.7191183404488));
#1753=CARTESIAN_POINT('Ctrl Pts',(4.01536035865468,2.70593119369015,22.6786782259289));
#1754=CARTESIAN_POINT('Ctrl Pts',(3.95409064122897,2.76246041899293,22.6786782259289));
#1755=CARTESIAN_POINT('Ctrl Pts',(3.88653504057727,2.81217170479167,22.6786782259289));
#1756=CARTESIAN_POINT('Ctrl Pts',(3.81433982820004,2.85385363008987,22.6786782259289));
#1757=CARTESIAN_POINT('',(5.0534180556308,5.00000007450553,25.1568346807499));
#1758=CARTESIAN_POINT('',(3.37500000000015,2.09289472581228,21.7999985694886));
#1759=CARTESIAN_POINT('Ctrl Pts',(5.05341805563081,5.00000007450553,25.1568346807499));
#1760=CARTESIAN_POINT('Ctrl Pts',(5.1355142012966,5.00000007450553,25.1978827535828));
#1761=CARTESIAN_POINT('Ctrl Pts',(5.21663588307836,5.00000007450553,25.2405450359048));
#1762=CARTESIAN_POINT('Ctrl Pts',(5.58172966893308,5.00000007450552,25.4406324435889));
#1763=CARTESIAN_POINT('Ctrl Pts',(5.86358120933816,5.00000007450552,25.6180271547321));
#1764=CARTESIAN_POINT('Ctrl Pts',(6.13193510507729,5.00000007450552,25.7999985694886));
#1765=CARTESIAN_POINT('Origin',(3.6249999838692,4.25795824458657,23.7999985694886));
#1766=CARTESIAN_POINT('',(6.31794916016937,5.00000007450552,25.7891002330192));
#1767=CARTESIAN_POINT('Origin',(1.47907468332377E-13,7.45055209298015E-8,
25.7999985694885));
#1768=CARTESIAN_POINT('',(7.00000000000015,5.00000007450552,25.7999985694886));
#1769=CARTESIAN_POINT('',(-9.99999999999985,5.00000007450552,25.7999985694886));
#1770=CARTESIAN_POINT('',(10.0000000000001,2.00000007450552,25.7999985694886));
#1771=CARTESIAN_POINT('Origin',(7.00000000000015,2.00000007450552,25.7999985694886));
#1772=CARTESIAN_POINT('',(10.0000000000001,-1.99999992549448,25.7999985694885));
#1773=CARTESIAN_POINT('',(10.0000000000001,5.00000007450552,25.7999985694886));
#1774=CARTESIAN_POINT('Origin',(7.00000000000015,-1.99999992549448,25.7999985694885));
#1775=CARTESIAN_POINT('Origin',(6.75000000000015,3.72526949391492E-8,25.7999985694885));
#1776=CARTESIAN_POINT('Origin',(7.00000000000015,-1.99999992549448,25.7999985694885));
#1777=CARTESIAN_POINT('',(10.0000000000001,-1.99999992549448,25.7999985694885));
#1778=CARTESIAN_POINT('Origin',(10.0000000000001,-4.99999992549448,25.7999985694885));
#1779=CARTESIAN_POINT('',(10.0000000000001,2.00000007450552,25.7999985694886));
#1780=CARTESIAN_POINT('Origin',(7.00000000000015,2.00000007450552,25.7999985694886));
#1781=CARTESIAN_POINT('',(7.00000000000015,5.00000007450552,25.7999985694886));
#1782=CARTESIAN_POINT('Origin',(10.0000000000001,5.00000007450552,25.7999985694886));
#1783=CARTESIAN_POINT('',(-6.56607825007905,5.00000007450561,9.79999856948857));
#1784=CARTESIAN_POINT('',(-0.830127083445837,5.00000007450561,9.79999856948857));
#1785=CARTESIAN_POINT('',(-6.56607825007905,5.00000007450552,25.7999985694886));
#1786=CARTESIAN_POINT('',(-6.56607825007905,5.00000007450552,25.7999985694886));
#1787=CARTESIAN_POINT('',(-6.99999999999985,5.00000007450552,25.7999985694886));
#1788=CARTESIAN_POINT('',(-9.99999999999985,5.00000007450552,25.7999985694886));
#1789=CARTESIAN_POINT('',(-6.99999999999985,5.00000007450552,25.7999985694886));
#1790=CARTESIAN_POINT('Origin',(-6.99999999999985,-1.99999992549448,25.7999985694885));
#1791=CARTESIAN_POINT('',(-9.99999999999985,-1.99999992549448,25.7999985694885));
#1792=CARTESIAN_POINT('',(-9.99999999999985,-1.99999992549448,25.7999985694885));
#1793=CARTESIAN_POINT('Origin',(-6.99999999999985,-1.99999992549448,25.7999985694885));
#1794=CARTESIAN_POINT('Origin',(1.47907468332377E-13,7.45055209298015E-8,
25.7999985694885));
#1795=CARTESIAN_POINT('',(-9.99999999999985,2.00000007450552,25.7999985694886));
#1796=CARTESIAN_POINT('',(-9.99999999999985,-4.99999992549448,25.7999985694885));
#1797=CARTESIAN_POINT('Origin',(-6.99999999999985,2.00000007450552,25.7999985694886));
#1798=CARTESIAN_POINT('',(-6.50103324507837,4.58302650141993,25.7999985694886));
#1799=CARTESIAN_POINT('Origin',(-6.4010849073323,4.81217782649094,25.7999985694886));
#1800=CARTESIAN_POINT('',(-6.50103324507837,-4.5830265014202,25.7999985694885));
#1801=CARTESIAN_POINT('Origin',(-8.49999999999986,-1.34578451884056E-13,
25.7999985694886));
#1802=CARTESIAN_POINT('Origin',(-6.4010849073323,-4.81217782649121,25.7999985694885));
#1803=CARTESIAN_POINT('',(-6.74999999999985,-1.49999996274731,25.7999985694885));
#1804=CARTESIAN_POINT('Origin',(-6.74999999999985,3.72526913864355E-8,25.7999985694885));
#1805=CARTESIAN_POINT('Origin',(-9.99999999999985,5.00000007450552,25.7999985694886));
#1806=CARTESIAN_POINT('',(-9.99999999999985,2.00000007450552,25.7999985694886));
#1807=CARTESIAN_POINT('Origin',(-6.99999999999985,2.00000007450552,25.7999985694886));
#1808=CARTESIAN_POINT('Origin',(6.75000000000015,3.7252678993571E-8,28.7999985694885));
#1809=CARTESIAN_POINT('',(6.75000000000015,1.50000003725268,28.7999985694886));
#1810=CARTESIAN_POINT('Origin',(-6.74999999999985,3.72526913864355E-8,25.7999985694885));
#1811=CARTESIAN_POINT('',(-6.74999999999985,-1.49999996274731,25.7999985694885));
#1812=CARTESIAN_POINT('Origin',(-6.4010849073323,4.81217782649094,25.7999985694886));
#1813=CARTESIAN_POINT('',(-6.50103324507837,4.58302650142002,9.79999856948857));
#1814=CARTESIAN_POINT('Origin',(-6.4010849073323,4.81217782649103,9.79999856948857));
#1815=CARTESIAN_POINT('',(-6.50103324507837,4.58302650141994,25.7999985694886));
#1816=CARTESIAN_POINT('Origin',(1.4790746834892E-13,-5.0129446275771E-14,
9.79999856948854));
#1817=CARTESIAN_POINT('',(-3.94157801509633,2.05445589087428,9.79999856948855));
#1818=CARTESIAN_POINT('',(-2.74999999999985,2.74241377865067,9.79999856948856));
#1819=CARTESIAN_POINT('Origin',(-8.49999999999986,-4.75759333191331E-14,
9.79999856948854));
#1820=CARTESIAN_POINT('Origin',(1.4790746834892E-13,-5.0129446275771E-14,
9.79999856948854));
#1821=CARTESIAN_POINT('',(-6.50103324507837,-4.58302650142012,9.79999856948852));
#1822=CARTESIAN_POINT('Origin',(-6.4010849073323,-4.81217782649112,9.79999856948852));
#1823=CARTESIAN_POINT('',(-3.94157801509633,-2.05445589087438,9.79999856948853));
#1824=CARTESIAN_POINT('Origin',(-8.49999999999986,-4.75759333191331E-14,
9.79999856948854));
#1825=CARTESIAN_POINT('',(-0.999999999999855,-3.75277674973262,9.79999856948852));
#1826=CARTESIAN_POINT('Origin',(1.4790746834892E-13,-6.16844682726748E-14,
11.9249985694885));
#1827=CARTESIAN_POINT('',(2.59807621135346,1.49999999999994,12.0499985694886));
#1828=CARTESIAN_POINT('Origin',(1.4790746834892E-13,-6.23641754489632E-14,
12.0499985694885));
#1829=CARTESIAN_POINT('',(2.81458256229957,1.62499999999994,11.7999985694886));
#1830=CARTESIAN_POINT('',(2.70632938682652,1.56249999999994,11.9249985694886));
#1831=CARTESIAN_POINT('Origin',(1.4790746834892E-13,-6.10047610963863E-14,
11.7999985694885));
#1832=CARTESIAN_POINT('Origin',(1.4790746834892E-13,-6.10047610963863E-14,
11.7999985694885));
#1833=CARTESIAN_POINT('',(-3.94157801509633,-2.05445589087439,11.7999985694885));
#1834=CARTESIAN_POINT('',(-3.94157801509633,2.05445589087427,11.7999985694886));
#1835=CARTESIAN_POINT('Origin',(-8.49999999999986,-5.84512481397484E-14,
11.7999985694885));
#1836=CARTESIAN_POINT('',(-2.74999999999985,2.74241377865066,11.7999985694886));
#1837=CARTESIAN_POINT('',(-0.999999999999855,-3.75277674973263,11.7999985694885));
#1838=CARTESIAN_POINT('Origin',(1.4790746834892E-13,-6.10047610963863E-14,
11.7999985694885));
#1839=CARTESIAN_POINT('',(2.59807621135346,1.49999999999992,15.8499985694886));
#1840=CARTESIAN_POINT('Origin',(1.4790746834892E-13,-8.30272736081324E-14,
15.8499985694885));
#1841=CARTESIAN_POINT('',(2.59807621135346,1.49999999999994,11.7999985694886));
#1842=CARTESIAN_POINT('Origin',(-8.49999999999986,-1.34578451884056E-13,
25.7999985694886));
#1843=CARTESIAN_POINT('',(-3.94157801509633,2.05445589087419,25.7999985694886));
#1844=CARTESIAN_POINT('',(-3.94157801509633,-2.05445589087447,25.7999985694885));
#1845=CARTESIAN_POINT('',(-6.50103324507837,-4.58302650142021,25.7999985694885));
#1846=CARTESIAN_POINT('Origin',(-0.124999999999855,-4.25795823527355,11.7999985694885));
#1847=CARTESIAN_POINT('Origin',(-3.62499999999985,2.23723229310974,11.7999985694886));
#1848=CARTESIAN_POINT('Origin',(1.47629912592764E-13,-8.25465329365365E-14,
15.8499985694885));
#1849=CARTESIAN_POINT('Origin',(-6.4010849073323,-4.81217782649121,25.7999985694885));
#1850=UNCERTAINTY_MEASURE_WITH_UNIT(LENGTH_MEASURE(0.01),#1854,
'DISTANCE_ACCURACY_VALUE',
'Maximum model space distance between geometric entities at asserted c
onnectivities');
#1851=UNCERTAINTY_MEASURE_WITH_UNIT(LENGTH_MEASURE(0.01),#1854,
'DISTANCE_ACCURACY_VALUE',
'Maximum model space distance between geometric entities at asserted c
onnectivities');
#1852=(
GEOMETRIC_REPRESENTATION_CONTEXT(3)
GLOBAL_UNCERTAINTY_ASSIGNED_CONTEXT((#1850))
GLOBAL_UNIT_ASSIGNED_CONTEXT((#1854,#1855,#1856))
REPRESENTATION_CONTEXT('','3D')
);
#1853=(
GEOMETRIC_REPRESENTATION_CONTEXT(3)
GLOBAL_UNCERTAINTY_ASSIGNED_CONTEXT((#1851))
GLOBAL_UNIT_ASSIGNED_CONTEXT((#1854,#1855,#1856))
REPRESENTATION_CONTEXT('','3D')
);
#1854=(
LENGTH_UNIT()
NAMED_UNIT(*)
SI_UNIT(.MILLI.,.METRE.)
);
#1855=(
NAMED_UNIT(*)
PLANE_ANGLE_UNIT()
SI_UNIT($,.RADIAN.)
);
#1856=(
NAMED_UNIT(*)
SI_UNIT($,.STERADIAN.)
SOLID_ANGLE_UNIT()
);
#1857=SHAPE_DEFINITION_REPRESENTATION(#1858,#1859);
#1858=PRODUCT_DEFINITION_SHAPE('',$,#1861);
#1859=SHAPE_REPRESENTATION('',(#1061),#1852);
#1860=PRODUCT_DEFINITION_CONTEXT('part definition',#1865,'design');
#1861=PRODUCT_DEFINITION('Zee Cutter2','Filament Guillotine',#1862,#1860);
#1862=PRODUCT_DEFINITION_FORMATION('',$,#1867);
#1863=PRODUCT_RELATED_PRODUCT_CATEGORY('Filament Guillotine',
'Filament Guillotine',(#1867));
#1864=APPLICATION_PROTOCOL_DEFINITION('international standard',
'automotive_design',2009,#1865);
#1865=APPLICATION_CONTEXT(
'Core Data for Automotive Mechanical Design Process');
#1866=PRODUCT_CONTEXT('part definition',#1865,'mechanical');
#1867=PRODUCT('Zee Cutter2','Filament Guillotine',$,(#1866));
#1868=PRESENTATION_STYLE_ASSIGNMENT((#1875));
#1869=PRESENTATION_STYLE_ASSIGNMENT((#1876));
#1870=PRESENTATION_STYLE_ASSIGNMENT((#1877));
#1871=PRESENTATION_STYLE_ASSIGNMENT((#1878));
#1872=PRESENTATION_STYLE_ASSIGNMENT((#1879));
#1873=PRESENTATION_STYLE_ASSIGNMENT((#1880));
#1874=PRESENTATION_STYLE_ASSIGNMENT((#1881));
#1875=SURFACE_STYLE_USAGE(.BOTH.,#1882);
#1876=SURFACE_STYLE_USAGE(.BOTH.,#1883);
#1877=SURFACE_STYLE_USAGE(.BOTH.,#1884);
#1878=SURFACE_STYLE_USAGE(.BOTH.,#1885);
#1879=SURFACE_STYLE_USAGE(.BOTH.,#1886);
#1880=SURFACE_STYLE_USAGE(.BOTH.,#1887);
#1881=SURFACE_STYLE_USAGE(.BOTH.,#1888);
#1882=SURFACE_SIDE_STYLE('',(#1889));
#1883=SURFACE_SIDE_STYLE('',(#1890));
#1884=SURFACE_SIDE_STYLE('',(#1891));
#1885=SURFACE_SIDE_STYLE('',(#1892));
#1886=SURFACE_SIDE_STYLE('',(#1893));
#1887=SURFACE_SIDE_STYLE('',(#1894));
#1888=SURFACE_SIDE_STYLE('',(#1895));
#1889=SURFACE_STYLE_FILL_AREA(#1896);
#1890=SURFACE_STYLE_FILL_AREA(#1897);
#1891=SURFACE_STYLE_FILL_AREA(#1898);
#1892=SURFACE_STYLE_FILL_AREA(#1899);
#1893=SURFACE_STYLE_FILL_AREA(#1900);
#1894=SURFACE_STYLE_FILL_AREA(#1901);
#1895=SURFACE_STYLE_FILL_AREA(#1902);
#1896=FILL_AREA_STYLE('Steel - Satin',(#1903));
#1897=FILL_AREA_STYLE('Opaque(188,80,47)',(#1904));
#1898=FILL_AREA_STYLE('Opaque(24,37,248)',(#1905));
#1899=FILL_AREA_STYLE('Plastic - Matte (Yellow)',(#1906));
#1900=FILL_AREA_STYLE('Opaque(190,188,186)',(#1907));
#1901=FILL_AREA_STYLE('Matte Red',(#1908));
#1902=FILL_AREA_STYLE('Plastic - Matte (Green)',(#1909));
#1903=FILL_AREA_STYLE_COLOUR('Steel - Satin',#1910);
#1904=FILL_AREA_STYLE_COLOUR('Opaque(188,80,47)',#1911);
#1905=FILL_AREA_STYLE_COLOUR('Opaque(24,37,248)',#1912);
#1906=FILL_AREA_STYLE_COLOUR('Plastic - Matte (Yellow)',#1913);
#1907=FILL_AREA_STYLE_COLOUR('Opaque(190,188,186)',#1914);
#1908=FILL_AREA_STYLE_COLOUR('Matte Red',#1915);
#1909=FILL_AREA_STYLE_COLOUR('Plastic - Matte (Green)',#1916);
#1910=COLOUR_RGB('Steel - Satin',0.627450980392157,0.627450980392157,0.627450980392157);
#1911=COLOUR_RGB('Opaque(188,80,47)',0.737254901960784,0.313725490196078,
0.184313725490196);
#1912=COLOUR_RGB('Opaque(24,37,248)',0.0941176470588235,0.145098039215686,
0.972549019607843);
#1913=COLOUR_RGB('Plastic - Matte (Yellow)',0.909803921568627,0.67843137254902,
0.137254901960784);
#1914=COLOUR_RGB('Opaque(190,188,186)',0.745098039215686,0.737254901960784,
0.729411764705882);
#1915=COLOUR_RGB('Matte Red',1.,0.513725490196078,0.545098039215686);
#1916=COLOUR_RGB('Plastic - Matte (Green)',0.266666666666667,0.588235294117647,
0.282352941176471);
ENDSEC;
END-ISO-10303-21;
